,Unnamed: 0,Station,Arrive,Depart,Train,index,Station_sequence
0,1344,大宮(埼玉),2021-11-30 00:00:00,2021-11-30 06:06:00,06-07-平塚-快速,0.0,大宮(埼玉)
1,1345,浦和,2021-11-30 00:07:00,2021-11-30 06:13:00,06-07-平塚-快速,1.0,浦和
2,1346,赤羽,2021-11-30 00:15:00,2021-11-30 06:21:00,06-07-平塚-快速,2.0,赤羽
3,2806,赤羽,2021-11-30 00:16:00,2021-11-30 06:22:00,06-07-平塚-快速,2.5,赤羽
4,1347,池袋,2021-11-30 00:27:00,2021-11-30 06:33:00,06-07-平塚-快速,3.0,尾久/池袋
5,2807,池袋,2021-11-30 00:28:00,2021-11-30 06:34:00,06-07-平塚-快速,3.5,尾久/池袋
6,1348,新宿,2021-11-30 00:33:00,2021-11-30 06:39:00,06-07-平塚-快速,4.0,上野/新宿
7,2808,新宿,2021-11-30 00:34:00,2021-11-30 06:40:00,06-07-平塚-快速,4.5,上野/新宿
8,1349,渋谷,2021-11-30 00:38:00,2021-11-30 06:44:00,06-07-平塚-快速,5.0,東京/渋谷
9,2809,渋谷,2021-11-30 00:39:00,2021-11-30 06:45:00,06-07-平塚-快速,5.5,東京/渋谷
10,1350,恵比寿,2021-11-30 00:41:00,2021-11-30 06:47:00,06-07-平塚-快速,6.0,新橋/恵比寿
11,1351,大崎,2021-11-30 00:45:00,2021-11-30 06:51:00,06-07-平塚-快速,7.0,品川/大崎
12,2810,大崎,2021-11-30 00:46:00,2021-11-30 06:52:00,06-07-平塚-快速,7.5,品川/大崎
13,1352,武蔵小杉,2021-11-30 00:53:00,2021-11-30 06:59:00,06-07-平塚-快速,8.0,川崎/武蔵小杉
14,2811,武蔵小杉,2021-11-30 00:54:00,2021-11-30 07:00:00,06-07-平塚-快速,8.5,川崎/武蔵小杉
15,1353,横浜,2021-11-30 01:04:00,2021-11-30 07:10:00,06-07-平塚-快速,9.0,横浜
16,1354,戸塚,2021-11-30 01:14:00,2021-11-30 07:20:00,06-07-平塚-快速,10.0,戸塚
17,1355,大船,2021-11-30 01:19:00,2021-11-30 07:25:00,06-07-平塚-快速,11.0,大船
18,2812,大船,2021-11-30 01:20:00,2021-11-30 07:26:00,06-07-平塚-快速,11.5,大船
19,1356,藤沢,2021-11-30 01:24:00,2021-11-30 07:30:00,06-07-平塚-快速,12.0,藤沢
20,2813,藤沢,2021-11-30 01:25:00,2021-11-30 07:31:00,06-07-平塚-快速,12.5,藤沢
21,1357,辻堂,2021-11-30 01:28:00,2021-11-30 07:34:00,06-07-平塚-快速,13.0,辻堂
22,1358,茅ケ崎,2021-11-30 01:32:00,2021-11-30 07:38:00,06-07-平塚-快速,14.0,茅ケ崎
23,1359,平塚,2021-11-30 01:37:00,,06-07-平塚-快速,15.0,平塚
24,19,大宮(埼玉),2021-11-30 00:00:00,2021-11-30 07:02:00,07-03-平塚-快速,0.0,大宮(埼玉)
25,20,浦和,2021-11-30 00:06:00,2021-11-30 07:08:00,07-03-平塚-快速,1.0,浦和
26,2083,浦和,2021-11-30 00:07:00,2021-11-30 07:09:00,07-03-平塚-快速,1.5,浦和
27,21,赤羽,2021-11-30 00:15:00,2021-11-30 07:17:00,07-03-平塚-快速,2.0,赤羽
28,2084,赤羽,2021-11-30 00:16:00,2021-11-30 07:18:00,07-03-平塚-快速,2.5,赤羽
29,22,池袋,2021-11-30 00:27:00,2021-11-30 07:29:00,07-03-平塚-快速,3.0,尾久/池袋
30,2085,池袋,2021-11-30 00:28:00,2021-11-30 07:30:00,07-03-平塚-快速,3.5,尾久/池袋
31,23,新宿,2021-11-30 00:33:00,2021-11-30 07:35:00,07-03-平塚-快速,4.0,上野/新宿
32,2086,新宿,2021-11-30 00:34:00,2021-11-30 07:36:00,07-03-平塚-快速,4.5,上野/新宿
33,24,渋谷,2021-11-30 00:39:00,2021-11-30 07:41:00,07-03-平塚-快速,5.0,東京/渋谷
34,2087,渋谷,2021-11-30 00:40:00,2021-11-30 07:42:00,07-03-平塚-快速,5.5,東京/渋谷
35,25,恵比寿,2021-11-30 00:42:00,2021-11-30 07:44:00,07-03-平塚-快速,6.0,新橋/恵比寿
36,26,大崎,2021-11-30 00:46:00,2021-11-30 07:48:00,07-03-平塚-快速,7.0,品川/大崎
37,2088,大崎,2021-11-30 00:47:00,2021-11-30 07:49:00,07-03-平塚-快速,7.5,品川/大崎
38,27,武蔵小杉,2021-11-30 00:55:00,2021-11-30 07:57:00,07-03-平塚-快速,8.0,川崎/武蔵小杉
39,28,横浜,2021-11-30 01:07:00,2021-11-30 08:09:00,07-03-平塚-快速,9.0,横浜
40,2089,横浜,2021-11-30 01:08:00,2021-11-30 08:10:00,07-03-平塚-快速,9.5,横浜
41,29,戸塚,2021-11-30 01:19:00,2021-11-30 08:21:00,07-03-平塚-快速,10.0,戸塚
42,2090,戸塚,2021-11-30 01:20:00,2021-11-30 08:22:00,07-03-平塚-快速,10.5,戸塚
43,30,大船,2021-11-30 01:26:00,2021-11-30 08:28:00,07-03-平塚-快速,11.0,大船
44,2091,大船,2021-11-30 01:29:00,2021-11-30 08:31:00,07-03-平塚-快速,11.5,大船
45,31,藤沢,2021-11-30 01:34:00,2021-11-30 08:36:00,07-03-平塚-快速,12.0,藤沢
46,32,辻堂,2021-11-30 01:37:00,2021-11-30 08:39:00,07-03-平塚-快速,13.0,辻堂
47,2092,辻堂,2021-11-30 01:38:00,2021-11-30 08:40:00,07-03-平塚-快速,13.5,辻堂
48,33,茅ケ崎,2021-11-30 01:41:00,2021-11-30 08:43:00,07-03-平塚-快速,14.0,茅ケ崎
49,2093,茅ケ崎,2021-11-30 01:42:00,2021-11-30 08:44:00,07-03-平塚-快速,14.5,茅ケ崎
50,34,平塚,2021-11-30 01:47:00,,07-03-平塚-快速,15.0,平塚
51,102,大宮(埼玉),2021-11-30 00:00:00,2021-11-30 07:19:00,07-21-小田原-快速,0.0,大宮(埼玉)
52,103,浦和,2021-11-30 00:08:00,2021-11-30 07:27:00,07-21-小田原-快速,1.0,浦和
53,104,赤羽,2021-11-30 00:17:00,2021-11-30 07:36:00,07-21-小田原-快速,2.0,赤羽
54,2126,赤羽,2021-11-30 00:18:00,2021-11-30 07:37:00,07-21-小田原-快速,2.5,赤羽
55,105,池袋,2021-11-30 00:29:00,2021-11-30 07:48:00,07-21-小田原-快速,3.0,尾久/池袋
56,2127,池袋,2021-11-30 00:30:00,2021-11-30 07:49:00,07-21-小田原-快速,3.5,尾久/池袋
57,106,新宿,2021-11-30 00:35:00,2021-11-30 07:54:00,07-21-小田原-快速,4.0,上野/新宿
58,2128,新宿,2021-11-30 00:36:00,2021-11-30 07:55:00,07-21-小田原-快速,4.5,上野/新宿
59,107,渋谷,2021-11-30 00:40:00,2021-11-30 07:59:00,07-21-小田原-快速,5.0,東京/渋谷
60,2129,渋谷,2021-11-30 00:41:00,2021-11-30 08:00:00,07-21-小田原-快速,5.5,東京/渋谷
61,108,恵比寿,2021-11-30 00:43:00,2021-11-30 08:02:00,07-21-小田原-快速,6.0,新橋/恵比寿
62,109,大崎,2021-11-30 00:47:00,2021-11-30 08:06:00,07-21-小田原-快速,7.0,品川/大崎
63,2130,大崎,2021-11-30 00:50:00,2021-11-30 08:09:00,07-21-小田原-快速,7.5,品川/大崎
64,110,武蔵小杉,2021-11-30 00:58:00,2021-11-30 08:17:00,07-21-小田原-快速,8.0,川崎/武蔵小杉
65,2131,武蔵小杉,2021-11-30 00:59:00,2021-11-30 08:18:00,07-21-小田原-快速,8.5,川崎/武蔵小杉
66,111,横浜,2021-11-30 01:10:00,2021-11-30 08:29:00,07-21-小田原-快速,9.0,横浜
67,2132,横浜,2021-11-30 01:11:00,2021-11-30 08:30:00,07-21-小田原-快速,9.5,横浜
68,112,戸塚,2021-11-30 01:23:00,2021-11-30 08:42:00,07-21-小田原-快速,10.0,戸塚
69,113,大船,2021-11-30 01:28:00,2021-11-30 08:47:00,07-21-小田原-快速,11.0,大船
70,2133,大船,2021-11-30 01:29:00,2021-11-30 08:48:00,07-21-小田原-快速,11.5,大船
71,114,藤沢,2021-11-30 01:33:00,2021-11-30 08:52:00,07-21-小田原-快速,12.0,藤沢
72,2134,藤沢,2021-11-30 01:34:00,2021-11-30 08:53:00,07-21-小田原-快速,12.5,藤沢
73,115,辻堂,2021-11-30 01:37:00,2021-11-30 08:56:00,07-21-小田原-快速,13.0,辻堂
74,116,茅ケ崎,2021-11-30 01:40:00,2021-11-30 08:59:00,07-21-小田原-快速,14.0,茅ケ崎
75,2135,茅ケ崎,2021-11-30 01:41:00,2021-11-30 09:00:00,07-21-小田原-快速,14.5,茅ケ崎
76,117,平塚,2021-11-30 01:45:00,2021-11-30 09:04:00,07-21-小田原-快速,15.0,平塚
77,2136,平塚,2021-11-30 01:46:00,2021-11-30 09:05:00,07-21-小田原-快速,15.5,平塚
78,118,大磯,2021-11-30 01:49:00,2021-11-30 09:08:00,07-21-小田原-快速,16.0,大磯
79,119,二宮,2021-11-30 01:54:00,2021-11-30 09:13:00,07-21-小田原-快速,17.0,二宮
80,120,国府津,2021-11-30 01:58:00,2021-11-30 09:17:00,07-21-小田原-快速,18.0,国府津
81,2137,国府津,2021-11-30 01:59:00,2021-11-30 09:18:00,07-21-小田原-快速,18.5,国府津
82,121,鴨宮,2021-11-30 02:02:00,2021-11-30 09:21:00,07-21-小田原-快速,19.0,鴨宮
83,2138,鴨宮,2021-11-30 02:03:00,2021-11-30 09:22:00,07-21-小田原-快速,19.5,鴨宮
84,122,小田原,2021-11-30 02:07:00,,07-21-小田原-快速,20.0,小田原
85,1530,大宮(埼玉),2021-11-30 00:00:00,2021-11-30 07:38:00,07-39-国府津-快速,0.0,大宮(埼玉)
86,1531,浦和,2021-11-30 00:06:00,2021-11-30 07:44:00,07-39-国府津-快速,1.0,浦和
87,2903,浦和,2021-11-30 00:07:00,2021-11-30 07:45:00,07-39-国府津-快速,1.5,浦和
88,1532,赤羽,2021-11-30 00:15:00,2021-11-30 07:53:00,07-39-国府津-快速,2.0,赤羽
89,2904,赤羽,2021-11-30 00:16:00,2021-11-30 07:54:00,07-39-国府津-快速,2.5,赤羽
90,1533,池袋,2021-11-30 00:27:00,2021-11-30 08:05:00,07-39-国府津-快速,3.0,尾久/池袋
91,2905,池袋,2021-11-30 00:28:00,2021-11-30 08:06:00,07-39-国府津-快速,3.5,尾久/池袋
92,1534,新宿,2021-11-30 00:33:00,2021-11-30 08:11:00,07-39-国府津-快速,4.0,上野/新宿
93,2906,新宿,2021-11-30 00:34:00,2021-11-30 08:12:00,07-39-国府津-快速,4.5,上野/新宿
94,1535,渋谷,2021-11-30 00:39:00,2021-11-30 08:17:00,07-39-国府津-快速,5.0,東京/渋谷
95,1536,恵比寿,2021-11-30 00:41:00,2021-11-30 08:19:00,07-39-国府津-快速,6.0,新橋/恵比寿
96,2907,恵比寿,2021-11-30 00:42:00,2021-11-30 08:20:00,07-39-国府津-快速,6.5,新橋/恵比寿
97,1537,大崎,2021-11-30 00:46:00,2021-11-30 08:24:00,07-39-国府津-快速,7.0,品川/大崎
98,1538,武蔵小杉,2021-11-30 00:56:00,2021-11-30 08:34:00,07-39-国府津-快速,8.0,川崎/武蔵小杉
99,2908,武蔵小杉,2021-11-30 00:57:00,2021-11-30 08:35:00,07-39-国府津-快速,8.5,川崎/武蔵小杉
100,1539,横浜,2021-11-30 01:08:00,2021-11-30 08:46:00,07-39-国府津-快速,9.0,横浜
101,2909,横浜,2021-11-30 01:09:00,2021-11-30 08:47:00,07-39-国府津-快速,9.5,横浜
102,1540,戸塚,2021-11-30 01:20:00,2021-11-30 08:58:00,07-39-国府津-快速,10.0,戸塚
103,2910,戸塚,2021-11-30 01:21:00,2021-11-30 08:59:00,07-39-国府津-快速,10.5,戸塚
104,1541,大船,2021-11-30 01:25:00,2021-11-30 09:03:00,07-39-国府津-快速,11.0,大船
105,2911,大船,2021-11-30 01:26:00,2021-11-30 09:04:00,07-39-国府津-快速,11.5,大船
106,1542,藤沢,2021-11-30 01:30:00,2021-11-30 09:08:00,07-39-国府津-快速,12.0,藤沢
107,1543,辻堂,2021-11-30 01:33:00,2021-11-30 09:11:00,07-39-国府津-快速,13.0,辻堂
108,2912,辻堂,2021-11-30 01:34:00,2021-11-30 09:12:00,07-39-国府津-快速,13.5,辻堂
109,1544,茅ケ崎,2021-11-30 01:37:00,2021-11-30 09:15:00,07-39-国府津-快速,14.0,茅ケ崎
110,1545,平塚,2021-11-30 01:41:00,2021-11-30 09:19:00,07-39-国府津-快速,15.0,平塚
111,2913,平塚,2021-11-30 01:42:00,2021-11-30 09:20:00,07-39-国府津-快速,15.5,平塚
112,1546,大磯,2021-11-30 01:45:00,2021-11-30 09:23:00,07-39-国府津-快速,16.0,大磯
113,1547,二宮,2021-11-30 01:49:00,2021-11-30 09:27:00,07-39-国府津-快速,17.0,二宮
114,2914,二宮,2021-11-30 01:50:00,2021-11-30 09:28:00,07-39-国府津-快速,17.5,二宮
115,1548,国府津,2021-11-30 01:54:00,,07-39-国府津-快速,18.0,国府津
116,171,大宮(埼玉),2021-11-30 00:00:00,2021-11-30 07:50:00,07-52-平塚-快速,0.0,大宮(埼玉)
117,172,浦和,2021-11-30 00:08:00,2021-11-30 07:58:00,07-52-平塚-快速,1.0,浦和
118,2170,浦和,2021-11-30 00:09:00,2021-11-30 07:59:00,07-52-平塚-快速,1.5,浦和
119,173,赤羽,2021-11-30 00:18:00,2021-11-30 08:08:00,07-52-平塚-快速,2.0,赤羽
120,174,池袋,2021-11-30 00:29:00,2021-11-30 08:19:00,07-52-平塚-快速,3.0,尾久/池袋
121,2171,池袋,2021-11-30 00:30:00,2021-11-30 08:20:00,07-52-平塚-快速,3.5,尾久/池袋
122,175,新宿,2021-11-30 00:35:00,2021-11-30 08:25:00,07-52-平塚-快速,4.0,上野/新宿
123,2172,新宿,2021-11-30 00:36:00,2021-11-30 08:26:00,07-52-平塚-快速,4.5,上野/新宿
124,176,渋谷,2021-11-30 00:41:00,2021-11-30 08:31:00,07-52-平塚-快速,5.0,東京/渋谷
125,177,恵比寿,2021-11-30 00:43:00,2021-11-30 08:33:00,07-52-平塚-快速,6.0,新橋/恵比寿
126,2173,恵比寿,2021-11-30 00:44:00,2021-11-30 08:34:00,07-52-平塚-快速,6.5,新橋/恵比寿
127,178,大崎,2021-11-30 00:48:00,2021-11-30 08:38:00,07-52-平塚-快速,7.0,品川/大崎
128,179,武蔵小杉,2021-11-30 00:58:00,2021-11-30 08:48:00,07-52-平塚-快速,8.0,川崎/武蔵小杉
129,180,横浜,2021-11-30 01:10:00,2021-11-30 09:00:00,07-52-平塚-快速,9.0,横浜
130,2174,横浜,2021-11-30 01:11:00,2021-11-30 09:01:00,07-52-平塚-快速,9.5,横浜
131,181,戸塚,2021-11-30 01:23:00,2021-11-30 09:13:00,07-52-平塚-快速,10.0,戸塚
132,182,大船,2021-11-30 01:28:00,2021-11-30 09:18:00,07-52-平塚-快速,11.0,大船
133,2175,大船,2021-11-30 01:29:00,2021-11-30 09:19:00,07-52-平塚-快速,11.5,大船
134,183,藤沢,2021-11-30 01:33:00,2021-11-30 09:23:00,07-52-平塚-快速,12.0,藤沢
135,184,辻堂,2021-11-30 01:36:00,2021-11-30 09:26:00,07-52-平塚-快速,13.0,辻堂
136,2176,辻堂,2021-11-30 01:37:00,2021-11-30 09:27:00,07-52-平塚-快速,13.5,辻堂
137,185,茅ケ崎,2021-11-30 01:40:00,2021-11-30 09:30:00,07-52-平塚-快速,14.0,茅ケ崎
138,186,平塚,2021-11-30 01:45:00,,07-52-平塚-快速,15.0,平塚
139,1167,大宮(埼玉),2021-11-30 00:00:00,2021-11-30 08:02:00,08-05-小田原-快速,0.0,大宮(埼玉)
140,1168,浦和,2021-11-30 00:10:00,2021-11-30 08:12:00,08-05-小田原-快速,1.0,浦和
141,2710,浦和,2021-11-30 00:11:00,2021-11-30 08:13:00,08-05-小田原-快速,1.5,浦和
142,1169,赤羽,2021-11-30 00:20:00,2021-11-30 08:22:00,08-05-小田原-快速,2.0,赤羽
143,1170,池袋,2021-11-30 00:31:00,2021-11-30 08:33:00,08-05-小田原-快速,3.0,尾久/池袋
144,2711,池袋,2021-11-30 00:32:00,2021-11-30 08:34:00,08-05-小田原-快速,3.5,尾久/池袋
145,1171,新宿,2021-11-30 00:37:00,2021-11-30 08:39:00,08-05-小田原-快速,4.0,上野/新宿
146,2712,新宿,2021-11-30 00:38:00,2021-11-30 08:40:00,08-05-小田原-快速,4.5,上野/新宿
147,1172,渋谷,2021-11-30 00:43:00,2021-11-30 08:45:00,08-05-小田原-快速,5.0,東京/渋谷
148,1173,恵比寿,2021-11-30 00:45:00,2021-11-30 08:47:00,08-05-小田原-快速,6.0,新橋/恵比寿
149,2713,恵比寿,2021-11-30 00:46:00,2021-11-30 08:48:00,08-05-小田原-快速,6.5,新橋/恵比寿
150,1174,大崎,2021-11-30 00:50:00,2021-11-30 08:52:00,08-05-小田原-快速,7.0,品川/大崎
151,1175,武蔵小杉,2021-11-30 00:59:00,2021-11-30 09:01:00,08-05-小田原-快速,8.0,川崎/武蔵小杉
152,2714,武蔵小杉,2021-11-30 01:00:00,2021-11-30 09:02:00,08-05-小田原-快速,8.5,川崎/武蔵小杉
153,1176,横浜,2021-11-30 01:11:00,2021-11-30 09:13:00,08-05-小田原-快速,9.0,横浜
154,2715,横浜,2021-11-30 01:12:00,2021-11-30 09:14:00,08-05-小田原-快速,9.5,横浜
155,1177,戸塚,2021-11-30 01:23:00,2021-11-30 09:25:00,08-05-小田原-快速,10.0,戸塚
156,2716,戸塚,2021-11-30 01:24:00,2021-11-30 09:26:00,08-05-小田原-快速,10.5,戸塚
157,1178,大船,2021-11-30 01:28:00,2021-11-30 09:30:00,08-05-小田原-快速,11.0,大船
158,2717,大船,2021-11-30 01:29:00,2021-11-30 09:31:00,08-05-小田原-快速,11.5,大船
159,1179,藤沢,2021-11-30 01:33:00,2021-11-30 09:35:00,08-05-小田原-快速,12.0,藤沢
160,1180,辻堂,2021-11-30 01:36:00,2021-11-30 09:38:00,08-05-小田原-快速,13.0,辻堂
161,2718,辻堂,2021-11-30 01:37:00,2021-11-30 09:39:00,08-05-小田原-快速,13.5,辻堂
162,1181,茅ケ崎,2021-11-30 01:40:00,2021-11-30 09:42:00,08-05-小田原-快速,14.0,茅ケ崎
163,1182,平塚,2021-11-30 01:45:00,2021-11-30 09:47:00,08-05-小田原-快速,15.0,平塚
164,2719,平塚,2021-11-30 01:49:00,2021-11-30 09:51:00,08-05-小田原-快速,15.5,平塚
165,1183,大磯,2021-11-30 01:53:00,2021-11-30 09:55:00,08-05-小田原-快速,16.0,大磯
166,1184,二宮,2021-11-30 01:57:00,2021-11-30 09:59:00,08-05-小田原-快速,17.0,二宮
167,2720,二宮,2021-11-30 01:58:00,2021-11-30 10:00:00,08-05-小田原-快速,17.5,二宮
168,1185,国府津,2021-11-30 02:01:00,2021-11-30 10:03:00,08-05-小田原-快速,18.0,国府津
169,2721,国府津,2021-11-30 02:02:00,2021-11-30 10:04:00,08-05-小田原-快速,18.5,国府津
170,1186,鴨宮,2021-11-30 02:05:00,2021-11-30 10:07:00,08-05-小田原-快速,19.0,鴨宮
171,2722,鴨宮,2021-11-30 02:06:00,2021-11-30 10:08:00,08-05-小田原-快速,19.5,鴨宮
172,1187,小田原,2021-11-30 02:09:00,,08-05-小田原-快速,20.0,小田原
173,826,大宮(埼玉),2021-11-30 00:00:00,2021-11-30 08:25:00,08-26-国府津-快速,0.0,大宮(埼玉)
174,827,浦和,2021-11-30 00:09:00,2021-11-30 08:34:00,08-26-国府津-快速,1.0,浦和
175,828,赤羽,2021-11-30 00:19:00,2021-11-30 08:44:00,08-26-国府津-快速,2.0,赤羽
176,829,池袋,2021-11-30 00:30:00,2021-11-30 08:55:00,08-26-国府津-快速,3.0,尾久/池袋
177,2520,池袋,2021-11-30 00:32:00,2021-11-30 08:57:00,08-26-国府津-快速,3.5,尾久/池袋
178,830,新宿,2021-11-30 00:37:00,2021-11-30 09:02:00,08-26-国府津-快速,4.0,上野/新宿
179,2521,新宿,2021-11-30 00:38:00,2021-11-30 09:03:00,08-26-国府津-快速,4.5,上野/新宿
180,831,渋谷,2021-11-30 00:43:00,2021-11-30 09:08:00,08-26-国府津-快速,5.0,東京/渋谷
181,2522,渋谷,2021-11-30 00:44:00,2021-11-30 09:09:00,08-26-国府津-快速,5.5,東京/渋谷
182,832,恵比寿,2021-11-30 00:46:00,2021-11-30 09:11:00,08-26-国府津-快速,6.0,新橋/恵比寿
183,2523,恵比寿,2021-11-30 00:47:00,2021-11-30 09:12:00,08-26-国府津-快速,6.5,新橋/恵比寿
184,833,大崎,2021-11-30 00:50:00,2021-11-30 09:15:00,08-26-国府津-快速,7.0,品川/大崎
185,2524,大崎,2021-11-30 00:51:00,2021-11-30 09:16:00,08-26-国府津-快速,7.5,品川/大崎
186,834,武蔵小杉,2021-11-30 01:01:00,2021-11-30 09:26:00,08-26-国府津-快速,8.0,川崎/武蔵小杉
187,835,横浜,2021-11-30 01:13:00,2021-11-30 09:38:00,08-26-国府津-快速,9.0,横浜
188,836,戸塚,2021-11-30 01:24:00,2021-11-30 09:49:00,08-26-国府津-快速,10.0,戸塚
189,2525,戸塚,2021-11-30 01:25:00,2021-11-30 09:50:00,08-26-国府津-快速,10.5,戸塚
190,837,大船,2021-11-30 01:30:00,2021-11-30 09:55:00,08-26-国府津-快速,11.0,大船
191,838,藤沢,2021-11-30 01:34:00,2021-11-30 09:59:00,08-26-国府津-快速,12.0,藤沢
192,2526,藤沢,2021-11-30 01:35:00,2021-11-30 10:00:00,08-26-国府津-快速,12.5,藤沢
193,839,辻堂,2021-11-30 01:38:00,2021-11-30 10:03:00,08-26-国府津-快速,13.0,辻堂
194,840,茅ケ崎,2021-11-30 01:41:00,2021-11-30 10:06:00,08-26-国府津-快速,14.0,茅ケ崎
195,2527,茅ケ崎,2021-11-30 01:42:00,2021-11-30 10:07:00,08-26-国府津-快速,14.5,茅ケ崎
196,841,平塚,2021-11-30 01:46:00,2021-11-30 10:11:00,08-26-国府津-快速,15.0,平塚
197,842,大磯,2021-11-30 01:49:00,2021-11-30 10:14:00,08-26-国府津-快速,16.0,大磯
198,2528,大磯,2021-11-30 01:50:00,2021-11-30 10:15:00,08-26-国府津-快速,16.5,大磯
199,843,二宮,2021-11-30 01:54:00,2021-11-30 10:19:00,08-26-国府津-快速,17.0,二宮
200,844,国府津,2021-11-30 01:58:00,,08-26-国府津-快速,18.0,国府津
201,628,大宮(埼玉),2021-11-30 00:00:00,2021-11-30 08:56:00,08-57-国府津-快速,0.0,大宮(埼玉)
202,629,浦和,2021-11-30 00:07:00,2021-11-30 09:03:00,08-57-国府津-快速,1.0,浦和
203,2417,浦和,2021-11-30 00:08:00,2021-11-30 09:04:00,08-57-国府津-快速,1.5,浦和
204,630,赤羽,2021-11-30 00:17:00,2021-11-30 09:13:00,08-57-国府津-快速,2.0,赤羽
205,631,池袋,2021-11-30 00:27:00,2021-11-30 09:23:00,08-57-国府津-快速,3.0,尾久/池袋
206,2418,池袋,2021-11-30 00:28:00,2021-11-30 09:24:00,08-57-国府津-快速,3.5,尾久/池袋
207,632,新宿,2021-11-30 00:33:00,2021-11-30 09:29:00,08-57-国府津-快速,4.0,上野/新宿
208,2419,新宿,2021-11-30 00:34:00,2021-11-30 09:30:00,08-57-国府津-快速,4.5,上野/新宿
209,633,渋谷,2021-11-30 00:39:00,2021-11-30 09:35:00,08-57-国府津-快速,5.0,東京/渋谷
210,2420,渋谷,2021-11-30 00:40:00,2021-11-30 09:36:00,08-57-国府津-快速,5.5,東京/渋谷
211,634,恵比寿,2021-11-30 00:42:00,2021-11-30 09:38:00,08-57-国府津-快速,6.0,新橋/恵比寿
212,635,大崎,2021-11-30 00:46:00,2021-11-30 09:42:00,08-57-国府津-快速,7.0,品川/大崎
213,636,武蔵小杉,2021-11-30 00:58:00,2021-11-30 09:54:00,08-57-国府津-快速,8.0,川崎/武蔵小杉
214,637,横浜,2021-11-30 01:09:00,2021-11-30 10:05:00,08-57-国府津-快速,9.0,横浜
215,638,戸塚,2021-11-30 01:19:00,2021-11-30 10:15:00,08-57-国府津-快速,10.0,戸塚
216,2421,戸塚,2021-11-30 01:20:00,2021-11-30 10:16:00,08-57-国府津-快速,10.5,戸塚
217,639,大船,2021-11-30 01:25:00,2021-11-30 10:21:00,08-57-国府津-快速,11.0,大船
218,2422,大船,2021-11-30 01:26:00,2021-11-30 10:22:00,08-57-国府津-快速,11.5,大船
219,640,藤沢,2021-11-30 01:30:00,2021-11-30 10:26:00,08-57-国府津-快速,12.0,藤沢
220,641,辻堂,2021-11-30 01:33:00,2021-11-30 10:29:00,08-57-国府津-快速,13.0,辻堂
221,2423,辻堂,2021-11-30 01:34:00,2021-11-30 10:30:00,08-57-国府津-快速,13.5,辻堂
222,642,茅ケ崎,2021-11-30 01:37:00,2021-11-30 10:33:00,08-57-国府津-快速,14.0,茅ケ崎
223,643,平塚,2021-11-30 01:42:00,2021-11-30 10:38:00,08-57-国府津-快速,15.0,平塚
224,2424,平塚,2021-11-30 01:43:00,2021-11-30 10:39:00,08-57-国府津-快速,15.5,平塚
225,644,大磯,2021-11-30 01:46:00,2021-11-30 10:42:00,08-57-国府津-快速,16.0,大磯
226,645,二宮,2021-11-30 01:50:00,2021-11-30 10:46:00,08-57-国府津-快速,17.0,二宮
227,2425,二宮,2021-11-30 01:51:00,2021-11-30 10:47:00,08-57-国府津-快速,17.5,二宮
228,646,国府津,2021-11-30 01:56:00,,08-57-国府津-快速,18.0,国府津
229,1425,大宮(埼玉),2021-11-30 00:00:00,2021-11-30 09:23:00,09-24-小田原-快速,0.0,大宮(埼玉)
230,1426,浦和,2021-11-30 00:07:00,2021-11-30 09:30:00,09-24-小田原-快速,1.0,浦和
231,2849,浦和,2021-11-30 00:08:00,2021-11-30 09:31:00,09-24-小田原-快速,1.5,浦和
232,1427,赤羽,2021-11-30 00:16:00,2021-11-30 09:39:00,09-24-小田原-快速,2.0,赤羽
233,2850,赤羽,2021-11-30 00:17:00,2021-11-30 09:40:00,09-24-小田原-快速,2.5,赤羽
234,1428,池袋,2021-11-30 00:29:00,2021-11-30 09:52:00,09-24-小田原-快速,3.0,尾久/池袋
235,2851,池袋,2021-11-30 00:30:00,2021-11-30 09:53:00,09-24-小田原-快速,3.5,尾久/池袋
236,1429,新宿,2021-11-30 00:35:00,2021-11-30 09:58:00,09-24-小田原-快速,4.0,上野/新宿
237,2852,新宿,2021-11-30 00:37:00,2021-11-30 10:00:00,09-24-小田原-快速,4.5,上野/新宿
238,1430,渋谷,2021-11-30 00:41:00,2021-11-30 10:04:00,09-24-小田原-快速,5.0,東京/渋谷
239,2853,渋谷,2021-11-30 00:42:00,2021-11-30 10:05:00,09-24-小田原-快速,5.5,東京/渋谷
240,1431,恵比寿,2021-11-30 00:44:00,2021-11-30 10:07:00,09-24-小田原-快速,6.0,新橋/恵比寿
241,2854,恵比寿,2021-11-30 00:45:00,2021-11-30 10:08:00,09-24-小田原-快速,6.5,新橋/恵比寿
242,1432,大崎,2021-11-30 00:49:00,2021-11-30 10:12:00,09-24-小田原-快速,7.0,品川/大崎
243,1433,武蔵小杉,2021-11-30 00:57:00,2021-11-30 10:20:00,09-24-小田原-快速,8.0,川崎/武蔵小杉
244,2855,武蔵小杉,2021-11-30 00:58:00,2021-11-30 10:21:00,09-24-小田原-快速,8.5,川崎/武蔵小杉
245,1434,横浜,2021-11-30 01:08:00,2021-11-30 10:31:00,09-24-小田原-快速,9.0,横浜
246,1435,戸塚,2021-11-30 01:18:00,2021-11-30 10:41:00,09-24-小田原-快速,10.0,戸塚
247,1436,大船,2021-11-30 01:23:00,2021-11-30 10:46:00,09-24-小田原-快速,11.0,大船
248,2856,大船,2021-11-30 01:24:00,2021-11-30 10:47:00,09-24-小田原-快速,11.5,大船
249,1437,藤沢,2021-11-30 01:28:00,2021-11-30 10:51:00,09-24-小田原-快速,12.0,藤沢
250,1438,辻堂,2021-11-30 01:31:00,2021-11-30 10:54:00,09-24-小田原-快速,13.0,辻堂
251,2857,辻堂,2021-11-30 01:32:00,2021-11-30 10:55:00,09-24-小田原-快速,13.5,辻堂
252,1439,茅ケ崎,2021-11-30 01:35:00,2021-11-30 10:58:00,09-24-小田原-快速,14.0,茅ケ崎
253,1440,平塚,2021-11-30 01:39:00,2021-11-30 11:02:00,09-24-小田原-快速,15.0,平塚
254,2858,平塚,2021-11-30 01:40:00,2021-11-30 11:03:00,09-24-小田原-快速,15.5,平塚
255,1441,大磯,2021-11-30 01:43:00,2021-11-30 11:06:00,09-24-小田原-快速,16.0,大磯
256,1442,二宮,2021-11-30 01:47:00,2021-11-30 11:10:00,09-24-小田原-快速,17.0,二宮
257,2859,二宮,2021-11-30 01:48:00,2021-11-30 11:11:00,09-24-小田原-快速,17.5,二宮
258,1443,国府津,2021-11-30 01:51:00,2021-11-30 11:14:00,09-24-小田原-快速,18.0,国府津
259,2860,国府津,2021-11-30 01:52:00,2021-11-30 11:15:00,09-24-小田原-快速,18.5,国府津
260,1444,鴨宮,2021-11-30 01:56:00,2021-11-30 11:19:00,09-24-小田原-快速,19.0,鴨宮
261,1445,小田原,2021-11-30 02:00:00,,09-24-小田原-快速,20.0,小田原
262,1283,大宮(埼玉),2021-11-30 00:00:00,2021-11-30 09:56:00,09-57-平塚-快速,0.0,大宮(埼玉)
263,1284,浦和,2021-11-30 00:06:00,2021-11-30 10:02:00,09-57-平塚-快速,1.0,浦和
264,2775,浦和,2021-11-30 00:07:00,2021-11-30 10:03:00,09-57-平塚-快速,1.5,浦和
265,1285,赤羽,2021-11-30 00:15:00,2021-11-30 10:11:00,09-57-平塚-快速,2.0,赤羽
266,1286,池袋,2021-11-30 00:27:00,2021-11-30 10:23:00,09-57-平塚-快速,3.0,尾久/池袋
267,2776,池袋,2021-11-30 00:28:00,2021-11-30 10:24:00,09-57-平塚-快速,3.5,尾久/池袋
268,1287,新宿,2021-11-30 00:33:00,2021-11-30 10:29:00,09-57-平塚-快速,4.0,上野/新宿
269,2777,新宿,2021-11-30 00:34:00,2021-11-30 10:30:00,09-57-平塚-快速,4.5,上野/新宿
270,1288,渋谷,2021-11-30 00:39:00,2021-11-30 10:35:00,09-57-平塚-快速,5.0,東京/渋谷
271,1289,恵比寿,2021-11-30 00:41:00,2021-11-30 10:37:00,09-57-平塚-快速,6.0,新橋/恵比寿
272,2778,恵比寿,2021-11-30 00:42:00,2021-11-30 10:38:00,09-57-平塚-快速,6.5,新橋/恵比寿
273,1290,大崎,2021-11-30 00:45:00,2021-11-30 10:41:00,09-57-平塚-快速,7.0,品川/大崎
274,2779,大崎,2021-11-30 00:46:00,2021-11-30 10:42:00,09-57-平塚-快速,7.5,品川/大崎
275,1291,武蔵小杉,2021-11-30 00:54:00,2021-11-30 10:50:00,09-57-平塚-快速,8.0,川崎/武蔵小杉
276,1292,横浜,2021-11-30 01:04:00,2021-11-30 11:00:00,09-57-平塚-快速,9.0,横浜
277,2780,横浜,2021-11-30 01:05:00,2021-11-30 11:01:00,09-57-平塚-快速,9.5,横浜
278,1293,戸塚,2021-11-30 01:15:00,2021-11-30 11:11:00,09-57-平塚-快速,10.0,戸塚
279,2781,戸塚,2021-11-30 01:16:00,2021-11-30 11:12:00,09-57-平塚-快速,10.5,戸塚
280,1294,大船,2021-11-30 01:21:00,2021-11-30 11:17:00,09-57-平塚-快速,11.0,大船
281,1295,藤沢,2021-11-30 01:25:00,2021-11-30 11:21:00,09-57-平塚-快速,12.0,藤沢
282,2782,藤沢,2021-11-30 01:26:00,2021-11-30 11:22:00,09-57-平塚-快速,12.5,藤沢
283,1296,辻堂,2021-11-30 01:29:00,2021-11-30 11:25:00,09-57-平塚-快速,13.0,辻堂
284,1297,茅ケ崎,2021-11-30 01:32:00,2021-11-30 11:28:00,09-57-平塚-快速,14.0,茅ケ崎
285,2783,茅ケ崎,2021-11-30 01:33:00,2021-11-30 11:29:00,09-57-平塚-快速,14.5,茅ケ崎
286,1298,平塚,2021-11-30 01:37:00,,09-57-平塚-快速,15.0,平塚
287,1085,大宮(埼玉),2021-11-30 00:00:00,2021-11-30 10:27:00,10-28-小田原-特別快速,0.0,大宮(埼玉)
288,1086,浦和,2021-11-30 00:06:00,2021-11-30 10:33:00,10-28-小田原-特別快速,1.0,浦和
289,2664,浦和,2021-11-30 00:07:00,2021-11-30 10:34:00,10-28-小田原-特別快速,1.5,浦和
290,1087,赤羽,2021-11-30 00:15:00,2021-11-30 10:42:00,10-28-小田原-特別快速,2.0,赤羽
291,1088,池袋,2021-11-30 00:26:00,2021-11-30 10:53:00,10-28-小田原-特別快速,3.0,尾久/池袋
292,1089,新宿,2021-11-30 00:31:00,2021-11-30 10:58:00,10-28-小田原-特別快速,4.0,上野/新宿
293,2665,新宿,2021-11-30 00:33:00,2021-11-30 11:00:00,10-28-小田原-特別快速,4.5,上野/新宿
294,1090,渋谷,2021-11-30 00:37:00,2021-11-30 11:04:00,10-28-小田原-特別快速,5.0,東京/渋谷
295,2666,渋谷,2021-11-30 00:38:00,2021-11-30 11:05:00,10-28-小田原-特別快速,5.5,東京/渋谷
296,1091,大崎,2021-11-30 00:43:00,2021-11-30 11:10:00,10-28-小田原-特別快速,6.0,品川/大崎
297,2667,大崎,2021-11-30 00:44:00,2021-11-30 11:11:00,10-28-小田原-特別快速,6.5,品川/大崎
298,1092,武蔵小杉,2021-11-30 00:51:00,2021-11-30 11:18:00,10-28-小田原-特別快速,7.0,川崎/武蔵小杉
299,2668,武蔵小杉,2021-11-30 00:52:00,2021-11-30 11:19:00,10-28-小田原-特別快速,7.5,川崎/武蔵小杉
300,1093,横浜,2021-11-30 01:02:00,2021-11-30 11:29:00,10-28-小田原-特別快速,8.0,横浜
301,2669,横浜,2021-11-30 01:03:00,2021-11-30 11:30:00,10-28-小田原-特別快速,8.5,横浜
302,1094,戸塚,2021-11-30 01:12:00,2021-11-30 11:39:00,10-28-小田原-特別快速,9.0,戸塚
303,2670,戸塚,2021-11-30 01:13:00,2021-11-30 11:40:00,10-28-小田原-特別快速,9.5,戸塚
304,1095,大船,2021-11-30 01:17:00,2021-11-30 11:44:00,10-28-小田原-特別快速,10.0,大船
305,2671,大船,2021-11-30 01:18:00,2021-11-30 11:45:00,10-28-小田原-特別快速,10.5,大船
306,1096,藤沢,2021-11-30 01:22:00,2021-11-30 11:49:00,10-28-小田原-特別快速,11.0,藤沢
307,1097,茅ケ崎,2021-11-30 01:28:00,2021-11-30 11:55:00,10-28-小田原-特別快速,12.0,茅ケ崎
308,2672,茅ケ崎,2021-11-30 01:29:00,2021-11-30 11:56:00,10-28-小田原-特別快速,12.5,茅ケ崎
309,1098,平塚,2021-11-30 01:33:00,2021-11-30 12:00:00,10-28-小田原-特別快速,13.0,平塚
310,1099,国府津,2021-11-30 01:42:00,2021-11-30 12:09:00,10-28-小田原-特別快速,14.0,国府津
311,2673,国府津,2021-11-30 01:43:00,2021-11-30 12:10:00,10-28-小田原-特別快速,14.5,国府津
312,1100,小田原,2021-11-30 01:48:00,,10-28-小田原-特別快速,15.0,小田原
313,1019,大宮(埼玉),2021-11-30 00:00:00,2021-11-30 10:56:00,10-57-平塚-快速,0.0,大宮(埼玉)
314,1020,浦和,2021-11-30 00:06:00,2021-11-30 11:02:00,10-57-平塚-快速,1.0,浦和
315,2634,浦和,2021-11-30 00:07:00,2021-11-30 11:03:00,10-57-平塚-快速,1.5,浦和
316,1021,赤羽,2021-11-30 00:15:00,2021-11-30 11:11:00,10-57-平塚-快速,2.0,赤羽
317,1022,池袋,2021-11-30 00:26:00,2021-11-30 11:22:00,10-57-平塚-快速,3.0,尾久/池袋
318,2635,池袋,2021-11-30 00:27:00,2021-11-30 11:23:00,10-57-平塚-快速,3.5,尾久/池袋
319,1023,新宿,2021-11-30 00:32:00,2021-11-30 11:28:00,10-57-平塚-快速,4.0,上野/新宿
320,2636,新宿,2021-11-30 00:34:00,2021-11-30 11:30:00,10-57-平塚-快速,4.5,上野/新宿
321,1024,渋谷,2021-11-30 00:38:00,2021-11-30 11:34:00,10-57-平塚-快速,5.0,東京/渋谷
322,2637,渋谷,2021-11-30 00:39:00,2021-11-30 11:35:00,10-57-平塚-快速,5.5,東京/渋谷
323,1025,恵比寿,2021-11-30 00:41:00,2021-11-30 11:37:00,10-57-平塚-快速,6.0,新橋/恵比寿
324,1026,大崎,2021-11-30 00:45:00,2021-11-30 11:41:00,10-57-平塚-快速,7.0,品川/大崎
325,2638,大崎,2021-11-30 00:46:00,2021-11-30 11:42:00,10-57-平塚-快速,7.5,品川/大崎
326,1027,武蔵小杉,2021-11-30 00:54:00,2021-11-30 11:50:00,10-57-平塚-快速,8.0,川崎/武蔵小杉
327,1028,横浜,2021-11-30 01:04:00,2021-11-30 12:00:00,10-57-平塚-快速,9.0,横浜
328,2639,横浜,2021-11-30 01:05:00,2021-11-30 12:01:00,10-57-平塚-快速,9.5,横浜
329,1029,戸塚,2021-11-30 01:15:00,2021-11-30 12:11:00,10-57-平塚-快速,10.0,戸塚
330,1030,大船,2021-11-30 01:20:00,2021-11-30 12:16:00,10-57-平塚-快速,11.0,大船
331,2640,大船,2021-11-30 01:21:00,2021-11-30 12:17:00,10-57-平塚-快速,11.5,大船
332,1031,藤沢,2021-11-30 01:25:00,2021-11-30 12:21:00,10-57-平塚-快速,12.0,藤沢
333,1032,辻堂,2021-11-30 01:28:00,2021-11-30 12:24:00,10-57-平塚-快速,13.0,辻堂
334,2641,辻堂,2021-11-30 01:29:00,2021-11-30 12:25:00,10-57-平塚-快速,13.5,辻堂
335,1033,茅ケ崎,2021-11-30 01:32:00,2021-11-30 12:28:00,10-57-平塚-快速,14.0,茅ケ崎
336,1034,平塚,2021-11-30 01:37:00,,10-57-平塚-快速,15.0,平塚
337,86,大宮(埼玉),2021-11-30 00:00:00,2021-11-30 11:26:00,11-28-小田原-特別快速,0.0,大宮(埼玉)
338,87,浦和,2021-11-30 00:09:00,2021-11-30 11:35:00,11-28-小田原-特別快速,1.0,浦和
339,88,赤羽,2021-11-30 00:17:00,2021-11-30 11:43:00,11-28-小田原-特別快速,2.0,赤羽
340,2119,赤羽,2021-11-30 00:18:00,2021-11-30 11:44:00,11-28-小田原-特別快速,2.5,赤羽
341,89,池袋,2021-11-30 00:28:00,2021-11-30 11:54:00,11-28-小田原-特別快速,3.0,尾久/池袋
342,90,新宿,2021-11-30 00:33:00,2021-11-30 11:59:00,11-28-小田原-特別快速,4.0,上野/新宿
343,2120,新宿,2021-11-30 00:34:00,2021-11-30 12:00:00,11-28-小田原-特別快速,4.5,上野/新宿
344,91,渋谷,2021-11-30 00:39:00,2021-11-30 12:05:00,11-28-小田原-特別快速,5.0,東京/渋谷
345,92,大崎,2021-11-30 00:45:00,2021-11-30 12:11:00,11-28-小田原-特別快速,6.0,品川/大崎
346,93,武蔵小杉,2021-11-30 00:54:00,2021-11-30 12:20:00,11-28-小田原-特別快速,7.0,川崎/武蔵小杉
347,2121,武蔵小杉,2021-11-30 00:55:00,2021-11-30 12:21:00,11-28-小田原-特別快速,7.5,川崎/武蔵小杉
348,94,横浜,2021-11-30 01:05:00,2021-11-30 12:31:00,11-28-小田原-特別快速,8.0,横浜
349,95,戸塚,2021-11-30 01:14:00,2021-11-30 12:40:00,11-28-小田原-特別快速,9.0,戸塚
350,2122,戸塚,2021-11-30 01:15:00,2021-11-30 12:41:00,11-28-小田原-特別快速,9.5,戸塚
351,96,大船,2021-11-30 01:20:00,2021-11-30 12:46:00,11-28-小田原-特別快速,10.0,大船
352,97,藤沢,2021-11-30 01:24:00,2021-11-30 12:50:00,11-28-小田原-特別快速,11.0,藤沢
353,2123,藤沢,2021-11-30 01:25:00,2021-11-30 12:51:00,11-28-小田原-特別快速,11.5,藤沢
354,98,茅ケ崎,2021-11-30 01:30:00,2021-11-30 12:56:00,11-28-小田原-特別快速,12.0,茅ケ崎
355,99,平塚,2021-11-30 01:34:00,2021-11-30 13:00:00,11-28-小田原-特別快速,13.0,平塚
356,2124,平塚,2021-11-30 01:35:00,2021-11-30 13:01:00,11-28-小田原-特別快速,13.5,平塚
357,100,国府津,2021-11-30 01:43:00,2021-11-30 13:09:00,11-28-小田原-特別快速,14.0,国府津
358,2125,国府津,2021-11-30 01:44:00,2021-11-30 13:10:00,11-28-小田原-特別快速,14.5,国府津
359,101,小田原,2021-11-30 01:50:00,,11-28-小田原-特別快速,15.0,小田原
360,1360,大宮(埼玉),2021-11-30 00:00:00,2021-11-30 11:56:00,11-57-平塚-快速,0.0,大宮(埼玉)
361,1361,浦和,2021-11-30 00:07:00,2021-11-30 12:03:00,11-57-平塚-快速,1.0,浦和
362,1362,赤羽,2021-11-30 00:15:00,2021-11-30 12:11:00,11-57-平塚-快速,2.0,赤羽
363,2814,赤羽,2021-11-30 00:16:00,2021-11-30 12:12:00,11-57-平塚-快速,2.5,赤羽
364,1363,池袋,2021-11-30 00:26:00,2021-11-30 12:22:00,11-57-平塚-快速,3.0,尾久/池袋
365,2815,池袋,2021-11-30 00:27:00,2021-11-30 12:23:00,11-57-平塚-快速,3.5,尾久/池袋
366,1364,新宿,2021-11-30 00:32:00,2021-11-30 12:28:00,11-57-平塚-快速,4.0,上野/新宿
367,2816,新宿,2021-11-30 00:34:00,2021-11-30 12:30:00,11-57-平塚-快速,4.5,上野/新宿
368,1365,渋谷,2021-11-30 00:38:00,2021-11-30 12:34:00,11-57-平塚-快速,5.0,東京/渋谷
369,2817,渋谷,2021-11-30 00:39:00,2021-11-30 12:35:00,11-57-平塚-快速,5.5,東京/渋谷
370,1366,恵比寿,2021-11-30 00:41:00,2021-11-30 12:37:00,11-57-平塚-快速,6.0,新橋/恵比寿
371,1367,大崎,2021-11-30 00:45:00,2021-11-30 12:41:00,11-57-平塚-快速,7.0,品川/大崎
372,2818,大崎,2021-11-30 00:46:00,2021-11-30 12:42:00,11-57-平塚-快速,7.5,品川/大崎
373,1368,武蔵小杉,2021-11-30 00:54:00,2021-11-30 12:50:00,11-57-平塚-快速,8.0,川崎/武蔵小杉
374,1369,横浜,2021-11-30 01:04:00,2021-11-30 13:00:00,11-57-平塚-快速,9.0,横浜
375,2819,横浜,2021-11-30 01:05:00,2021-11-30 13:01:00,11-57-平塚-快速,9.5,横浜
376,1370,戸塚,2021-11-30 01:14:00,2021-11-30 13:10:00,11-57-平塚-快速,10.0,戸塚
377,2820,戸塚,2021-11-30 01:15:00,2021-11-30 13:11:00,11-57-平塚-快速,10.5,戸塚
378,1371,大船,2021-11-30 01:20:00,2021-11-30 13:16:00,11-57-平塚-快速,11.0,大船
379,1372,藤沢,2021-11-30 01:24:00,2021-11-30 13:20:00,11-57-平塚-快速,12.0,藤沢
380,2821,藤沢,2021-11-30 01:25:00,2021-11-30 13:21:00,11-57-平塚-快速,12.5,藤沢
381,1373,辻堂,2021-11-30 01:28:00,2021-11-30 13:24:00,11-57-平塚-快速,13.0,辻堂
382,1374,茅ケ崎,2021-11-30 01:31:00,2021-11-30 13:27:00,11-57-平塚-快速,14.0,茅ケ崎
383,2822,茅ケ崎,2021-11-30 01:32:00,2021-11-30 13:28:00,11-57-平塚-快速,14.5,茅ケ崎
384,1375,平塚,2021-11-30 01:36:00,,11-57-平塚-快速,15.0,平塚
385,1151,大宮(埼玉),2021-11-30 00:00:00,2021-11-30 12:26:00,12-27-小田原-特別快速,0.0,大宮(埼玉)
386,1152,浦和,2021-11-30 00:07:00,2021-11-30 12:33:00,12-27-小田原-特別快速,1.0,浦和
387,1153,赤羽,2021-11-30 00:15:00,2021-11-30 12:41:00,12-27-小田原-特別快速,2.0,赤羽
388,1154,池袋,2021-11-30 00:27:00,2021-11-30 12:53:00,12-27-小田原-特別快速,3.0,尾久/池袋
389,1155,新宿,2021-11-30 00:32:00,2021-11-30 12:58:00,12-27-小田原-特別快速,4.0,上野/新宿
390,2701,新宿,2021-11-30 00:34:00,2021-11-30 13:00:00,12-27-小田原-特別快速,4.5,上野/新宿
391,1156,渋谷,2021-11-30 00:38:00,2021-11-30 13:04:00,12-27-小田原-特別快速,5.0,東京/渋谷
392,2702,渋谷,2021-11-30 00:39:00,2021-11-30 13:05:00,12-27-小田原-特別快速,5.5,東京/渋谷
393,1157,大崎,2021-11-30 00:44:00,2021-11-30 13:10:00,12-27-小田原-特別快速,6.0,品川/大崎
394,2703,大崎,2021-11-30 00:45:00,2021-11-30 13:11:00,12-27-小田原-特別快速,6.5,品川/大崎
395,1158,武蔵小杉,2021-11-30 00:52:00,2021-11-30 13:18:00,12-27-小田原-特別快速,7.0,川崎/武蔵小杉
396,2704,武蔵小杉,2021-11-30 00:53:00,2021-11-30 13:19:00,12-27-小田原-特別快速,7.5,川崎/武蔵小杉
397,1159,横浜,2021-11-30 01:03:00,2021-11-30 13:29:00,12-27-小田原-特別快速,8.0,横浜
398,2705,横浜,2021-11-30 01:04:00,2021-11-30 13:30:00,12-27-小田原-特別快速,8.5,横浜
399,1160,戸塚,2021-11-30 01:13:00,2021-11-30 13:39:00,12-27-小田原-特別快速,9.0,戸塚
400,2706,戸塚,2021-11-30 01:14:00,2021-11-30 13:40:00,12-27-小田原-特別快速,9.5,戸塚
401,1161,大船,2021-11-30 01:18:00,2021-11-30 13:44:00,12-27-小田原-特別快速,10.0,大船
402,2707,大船,2021-11-30 01:19:00,2021-11-30 13:45:00,12-27-小田原-特別快速,10.5,大船
403,1162,藤沢,2021-11-30 01:23:00,2021-11-30 13:49:00,12-27-小田原-特別快速,11.0,藤沢
404,1163,茅ケ崎,2021-11-30 01:29:00,2021-11-30 13:55:00,12-27-小田原-特別快速,12.0,茅ケ崎
405,2708,茅ケ崎,2021-11-30 01:30:00,2021-11-30 13:56:00,12-27-小田原-特別快速,12.5,茅ケ崎
406,1164,平塚,2021-11-30 01:34:00,2021-11-30 14:00:00,12-27-小田原-特別快速,13.0,平塚
407,1165,国府津,2021-11-30 01:43:00,2021-11-30 14:09:00,12-27-小田原-特別快速,14.0,国府津
408,2709,国府津,2021-11-30 01:44:00,2021-11-30 14:10:00,12-27-小田原-特別快速,14.5,国府津
409,1166,小田原,2021-11-30 01:49:00,,12-27-小田原-特別快速,15.0,小田原
410,872,大宮(埼玉),2021-11-30 00:00:00,2021-11-30 12:56:00,12-57-平塚-快速,0.0,大宮(埼玉)
411,873,浦和,2021-11-30 00:06:00,2021-11-30 13:02:00,12-57-平塚-快速,1.0,浦和
412,2543,浦和,2021-11-30 00:07:00,2021-11-30 13:03:00,12-57-平塚-快速,1.5,浦和
413,874,赤羽,2021-11-30 00:15:00,2021-11-30 13:11:00,12-57-平塚-快速,2.0,赤羽
414,875,池袋,2021-11-30 00:26:00,2021-11-30 13:22:00,12-57-平塚-快速,3.0,尾久/池袋
415,2544,池袋,2021-11-30 00:27:00,2021-11-30 13:23:00,12-57-平塚-快速,3.5,尾久/池袋
416,876,新宿,2021-11-30 00:33:00,2021-11-30 13:29:00,12-57-平塚-快速,4.0,上野/新宿
417,2545,新宿,2021-11-30 00:34:00,2021-11-30 13:30:00,12-57-平塚-快速,4.5,上野/新宿
418,877,渋谷,2021-11-30 00:38:00,2021-11-30 13:34:00,12-57-平塚-快速,5.0,東京/渋谷
419,2546,渋谷,2021-11-30 00:39:00,2021-11-30 13:35:00,12-57-平塚-快速,5.5,東京/渋谷
420,878,恵比寿,2021-11-30 00:41:00,2021-11-30 13:37:00,12-57-平塚-快速,6.0,新橋/恵比寿
421,879,大崎,2021-11-30 00:45:00,2021-11-30 13:41:00,12-57-平塚-快速,7.0,品川/大崎
422,2547,大崎,2021-11-30 00:46:00,2021-11-30 13:42:00,12-57-平塚-快速,7.5,品川/大崎
423,880,武蔵小杉,2021-11-30 00:54:00,2021-11-30 13:50:00,12-57-平塚-快速,8.0,川崎/武蔵小杉
424,881,横浜,2021-11-30 01:04:00,2021-11-30 14:00:00,12-57-平塚-快速,9.0,横浜
425,2548,横浜,2021-11-30 01:05:00,2021-11-30 14:01:00,12-57-平塚-快速,9.5,横浜
426,882,戸塚,2021-11-30 01:15:00,2021-11-30 14:11:00,12-57-平塚-快速,10.0,戸塚
427,883,大船,2021-11-30 01:20:00,2021-11-30 14:16:00,12-57-平塚-快速,11.0,大船
428,2549,大船,2021-11-30 01:21:00,2021-11-30 14:17:00,12-57-平塚-快速,11.5,大船
429,884,藤沢,2021-11-30 01:25:00,2021-11-30 14:21:00,12-57-平塚-快速,12.0,藤沢
430,885,辻堂,2021-11-30 01:28:00,2021-11-30 14:24:00,12-57-平塚-快速,13.0,辻堂
431,2550,辻堂,2021-11-30 01:29:00,2021-11-30 14:25:00,12-57-平塚-快速,13.5,辻堂
432,886,茅ケ崎,2021-11-30 01:32:00,2021-11-30 14:28:00,12-57-平塚-快速,14.0,茅ケ崎
433,887,平塚,2021-11-30 01:37:00,,12-57-平塚-快速,15.0,平塚
434,708,大宮(埼玉),2021-11-30 00:00:00,2021-11-30 13:26:00,13-27-小田原-特別快速,0.0,大宮(埼玉)
435,709,浦和,2021-11-30 00:07:00,2021-11-30 13:33:00,13-27-小田原-特別快速,1.0,浦和
436,2456,浦和,2021-11-30 00:08:00,2021-11-30 13:34:00,13-27-小田原-特別快速,1.5,浦和
437,710,赤羽,2021-11-30 00:16:00,2021-11-30 13:42:00,13-27-小田原-特別快速,2.0,赤羽
438,711,池袋,2021-11-30 00:26:00,2021-11-30 13:52:00,13-27-小田原-特別快速,3.0,尾久/池袋
439,712,新宿,2021-11-30 00:31:00,2021-11-30 13:57:00,13-27-小田原-特別快速,4.0,上野/新宿
440,2457,新宿,2021-11-30 00:34:00,2021-11-30 14:00:00,13-27-小田原-特別快速,4.5,上野/新宿
441,713,渋谷,2021-11-30 00:38:00,2021-11-30 14:04:00,13-27-小田原-特別快速,5.0,東京/渋谷
442,2458,渋谷,2021-11-30 00:39:00,2021-11-30 14:05:00,13-27-小田原-特別快速,5.5,東京/渋谷
443,714,大崎,2021-11-30 00:44:00,2021-11-30 14:10:00,13-27-小田原-特別快速,6.0,品川/大崎
444,2459,大崎,2021-11-30 00:45:00,2021-11-30 14:11:00,13-27-小田原-特別快速,6.5,品川/大崎
445,715,武蔵小杉,2021-11-30 00:52:00,2021-11-30 14:18:00,13-27-小田原-特別快速,7.0,川崎/武蔵小杉
446,2460,武蔵小杉,2021-11-30 00:53:00,2021-11-30 14:19:00,13-27-小田原-特別快速,7.5,川崎/武蔵小杉
447,716,横浜,2021-11-30 01:03:00,2021-11-30 14:29:00,13-27-小田原-特別快速,8.0,横浜
448,2461,横浜,2021-11-30 01:04:00,2021-11-30 14:30:00,13-27-小田原-特別快速,8.5,横浜
449,717,戸塚,2021-11-30 01:13:00,2021-11-30 14:39:00,13-27-小田原-特別快速,9.0,戸塚
450,2462,戸塚,2021-11-30 01:14:00,2021-11-30 14:40:00,13-27-小田原-特別快速,9.5,戸塚
451,718,大船,2021-11-30 01:18:00,2021-11-30 14:44:00,13-27-小田原-特別快速,10.0,大船
452,2463,大船,2021-11-30 01:19:00,2021-11-30 14:45:00,13-27-小田原-特別快速,10.5,大船
453,719,藤沢,2021-11-30 01:23:00,2021-11-30 14:49:00,13-27-小田原-特別快速,11.0,藤沢
454,720,茅ケ崎,2021-11-30 01:28:00,2021-11-30 14:54:00,13-27-小田原-特別快速,12.0,茅ケ崎
455,2464,茅ケ崎,2021-11-30 01:29:00,2021-11-30 14:55:00,13-27-小田原-特別快速,12.5,茅ケ崎
456,721,平塚,2021-11-30 01:33:00,2021-11-30 14:59:00,13-27-小田原-特別快速,13.0,平塚
457,722,国府津,2021-11-30 01:42:00,2021-11-30 15:08:00,13-27-小田原-特別快速,14.0,国府津
458,2465,国府津,2021-11-30 01:43:00,2021-11-30 15:09:00,13-27-小田原-特別快速,14.5,国府津
459,723,小田原,2021-11-30 01:48:00,,13-27-小田原-特別快速,15.0,小田原
460,306,大宮(埼玉),2021-11-30 00:00:00,2021-11-30 13:56:00,13-57-国府津-快速,0.0,大宮(埼玉)
461,307,浦和,2021-11-30 00:07:00,2021-11-30 14:03:00,13-57-国府津-快速,1.0,浦和
462,308,赤羽,2021-11-30 00:15:00,2021-11-30 14:11:00,13-57-国府津-快速,2.0,赤羽
463,309,池袋,2021-11-30 00:26:00,2021-11-30 14:22:00,13-57-国府津-快速,3.0,尾久/池袋
464,2246,池袋,2021-11-30 00:27:00,2021-11-30 14:23:00,13-57-国府津-快速,3.5,尾久/池袋
465,310,新宿,2021-11-30 00:33:00,2021-11-30 14:29:00,13-57-国府津-快速,4.0,上野/新宿
466,2247,新宿,2021-11-30 00:34:00,2021-11-30 14:30:00,13-57-国府津-快速,4.5,上野/新宿
467,311,渋谷,2021-11-30 00:38:00,2021-11-30 14:34:00,13-57-国府津-快速,5.0,東京/渋谷
468,2248,渋谷,2021-11-30 00:39:00,2021-11-30 14:35:00,13-57-国府津-快速,5.5,東京/渋谷
469,312,恵比寿,2021-11-30 00:41:00,2021-11-30 14:37:00,13-57-国府津-快速,6.0,新橋/恵比寿
470,313,大崎,2021-11-30 00:45:00,2021-11-30 14:41:00,13-57-国府津-快速,7.0,品川/大崎
471,2249,大崎,2021-11-30 00:46:00,2021-11-30 14:42:00,13-57-国府津-快速,7.5,品川/大崎
472,314,武蔵小杉,2021-11-30 00:54:00,2021-11-30 14:50:00,13-57-国府津-快速,8.0,川崎/武蔵小杉
473,315,横浜,2021-11-30 01:04:00,2021-11-30 15:00:00,13-57-国府津-快速,9.0,横浜
474,2250,横浜,2021-11-30 01:05:00,2021-11-30 15:01:00,13-57-国府津-快速,9.5,横浜
475,316,戸塚,2021-11-30 01:15:00,2021-11-30 15:11:00,13-57-国府津-快速,10.0,戸塚
476,317,大船,2021-11-30 01:20:00,2021-11-30 15:16:00,13-57-国府津-快速,11.0,大船
477,2251,大船,2021-11-30 01:21:00,2021-11-30 15:17:00,13-57-国府津-快速,11.5,大船
478,318,藤沢,2021-11-30 01:25:00,2021-11-30 15:21:00,13-57-国府津-快速,12.0,藤沢
479,319,辻堂,2021-11-30 01:28:00,2021-11-30 15:24:00,13-57-国府津-快速,13.0,辻堂
480,2252,辻堂,2021-11-30 01:29:00,2021-11-30 15:25:00,13-57-国府津-快速,13.5,辻堂
481,320,茅ケ崎,2021-11-30 01:32:00,2021-11-30 15:28:00,13-57-国府津-快速,14.0,茅ケ崎
482,321,平塚,2021-11-30 01:36:00,2021-11-30 15:32:00,13-57-国府津-快速,15.0,平塚
483,2253,平塚,2021-11-30 01:37:00,2021-11-30 15:33:00,13-57-国府津-快速,15.5,平塚
484,322,大磯,2021-11-30 01:40:00,2021-11-30 15:36:00,13-57-国府津-快速,16.0,大磯
485,323,二宮,2021-11-30 01:44:00,2021-11-30 15:40:00,13-57-国府津-快速,17.0,二宮
486,2254,二宮,2021-11-30 01:45:00,2021-11-30 15:41:00,13-57-国府津-快速,17.5,二宮
487,324,国府津,2021-11-30 01:49:00,,13-57-国府津-快速,18.0,国府津
488,1409,大宮(埼玉),2021-11-30 00:00:00,2021-11-30 14:26:00,14-27-小田原-特別快速,0.0,大宮(埼玉)
489,1410,浦和,2021-11-30 00:07:00,2021-11-30 14:33:00,14-27-小田原-特別快速,1.0,浦和
490,1411,赤羽,2021-11-30 00:15:00,2021-11-30 14:41:00,14-27-小田原-特別快速,2.0,赤羽
491,1412,池袋,2021-11-30 00:27:00,2021-11-30 14:53:00,14-27-小田原-特別快速,3.0,尾久/池袋
492,1413,新宿,2021-11-30 00:32:00,2021-11-30 14:58:00,14-27-小田原-特別快速,4.0,上野/新宿
493,2840,新宿,2021-11-30 00:34:00,2021-11-30 15:00:00,14-27-小田原-特別快速,4.5,上野/新宿
494,1414,渋谷,2021-11-30 00:38:00,2021-11-30 15:04:00,14-27-小田原-特別快速,5.0,東京/渋谷
495,2841,渋谷,2021-11-30 00:39:00,2021-11-30 15:05:00,14-27-小田原-特別快速,5.5,東京/渋谷
496,1415,大崎,2021-11-30 00:44:00,2021-11-30 15:10:00,14-27-小田原-特別快速,6.0,品川/大崎
497,2842,大崎,2021-11-30 00:45:00,2021-11-30 15:11:00,14-27-小田原-特別快速,6.5,品川/大崎
498,1416,武蔵小杉,2021-11-30 00:52:00,2021-11-30 15:18:00,14-27-小田原-特別快速,7.0,川崎/武蔵小杉
499,2843,武蔵小杉,2021-11-30 00:53:00,2021-11-30 15:19:00,14-27-小田原-特別快速,7.5,川崎/武蔵小杉
500,1417,横浜,2021-11-30 01:03:00,2021-11-30 15:29:00,14-27-小田原-特別快速,8.0,横浜
501,2844,横浜,2021-11-30 01:04:00,2021-11-30 15:30:00,14-27-小田原-特別快速,8.5,横浜
502,1418,戸塚,2021-11-30 01:13:00,2021-11-30 15:39:00,14-27-小田原-特別快速,9.0,戸塚
503,2845,戸塚,2021-11-30 01:14:00,2021-11-30 15:40:00,14-27-小田原-特別快速,9.5,戸塚
504,1419,大船,2021-11-30 01:18:00,2021-11-30 15:44:00,14-27-小田原-特別快速,10.0,大船
505,2846,大船,2021-11-30 01:19:00,2021-11-30 15:45:00,14-27-小田原-特別快速,10.5,大船
506,1420,藤沢,2021-11-30 01:23:00,2021-11-30 15:49:00,14-27-小田原-特別快速,11.0,藤沢
507,1421,茅ケ崎,2021-11-30 01:28:00,2021-11-30 15:54:00,14-27-小田原-特別快速,12.0,茅ケ崎
508,2847,茅ケ崎,2021-11-30 01:29:00,2021-11-30 15:55:00,14-27-小田原-特別快速,12.5,茅ケ崎
509,1422,平塚,2021-11-30 01:33:00,2021-11-30 15:59:00,14-27-小田原-特別快速,13.0,平塚
510,1423,国府津,2021-11-30 01:42:00,2021-11-30 16:08:00,14-27-小田原-特別快速,14.0,国府津
511,2848,国府津,2021-11-30 01:43:00,2021-11-30 16:09:00,14-27-小田原-特別快速,14.5,国府津
512,1424,小田原,2021-11-30 01:48:00,,14-27-小田原-特別快速,15.0,小田原
513,612,大宮(埼玉),2021-11-30 00:00:00,2021-11-30 14:55:00,14-56-平塚-快速,0.0,大宮(埼玉)
514,613,浦和,2021-11-30 00:07:00,2021-11-30 15:02:00,14-56-平塚-快速,1.0,浦和
515,2408,浦和,2021-11-30 00:08:00,2021-11-30 15:03:00,14-56-平塚-快速,1.5,浦和
516,614,赤羽,2021-11-30 00:16:00,2021-11-30 15:11:00,14-56-平塚-快速,2.0,赤羽
517,2409,赤羽,2021-11-30 00:17:00,2021-11-30 15:12:00,14-56-平塚-快速,2.5,赤羽
518,615,池袋,2021-11-30 00:27:00,2021-11-30 15:22:00,14-56-平塚-快速,3.0,尾久/池袋
519,2410,池袋,2021-11-30 00:28:00,2021-11-30 15:23:00,14-56-平塚-快速,3.5,尾久/池袋
520,616,新宿,2021-11-30 00:34:00,2021-11-30 15:29:00,14-56-平塚-快速,4.0,上野/新宿
521,2411,新宿,2021-11-30 00:35:00,2021-11-30 15:30:00,14-56-平塚-快速,4.5,上野/新宿
522,617,渋谷,2021-11-30 00:39:00,2021-11-30 15:34:00,14-56-平塚-快速,5.0,東京/渋谷
523,2412,渋谷,2021-11-30 00:40:00,2021-11-30 15:35:00,14-56-平塚-快速,5.5,東京/渋谷
524,618,恵比寿,2021-11-30 00:42:00,2021-11-30 15:37:00,14-56-平塚-快速,6.0,新橋/恵比寿
525,619,大崎,2021-11-30 00:46:00,2021-11-30 15:41:00,14-56-平塚-快速,7.0,品川/大崎
526,2413,大崎,2021-11-30 00:47:00,2021-11-30 15:42:00,14-56-平塚-快速,7.5,品川/大崎
527,620,武蔵小杉,2021-11-30 00:55:00,2021-11-30 15:50:00,14-56-平塚-快速,8.0,川崎/武蔵小杉
528,621,横浜,2021-11-30 01:05:00,2021-11-30 16:00:00,14-56-平塚-快速,9.0,横浜
529,2414,横浜,2021-11-30 01:06:00,2021-11-30 16:01:00,14-56-平塚-快速,9.5,横浜
530,622,戸塚,2021-11-30 01:15:00,2021-11-30 16:10:00,14-56-平塚-快速,10.0,戸塚
531,623,大船,2021-11-30 01:20:00,2021-11-30 16:15:00,14-56-平塚-快速,11.0,大船
532,2415,大船,2021-11-30 01:21:00,2021-11-30 16:16:00,14-56-平塚-快速,11.5,大船
533,624,藤沢,2021-11-30 01:25:00,2021-11-30 16:20:00,14-56-平塚-快速,12.0,藤沢
534,625,辻堂,2021-11-30 01:28:00,2021-11-30 16:23:00,14-56-平塚-快速,13.0,辻堂
535,2416,辻堂,2021-11-30 01:29:00,2021-11-30 16:24:00,14-56-平塚-快速,13.5,辻堂
536,626,茅ケ崎,2021-11-30 01:32:00,2021-11-30 16:27:00,14-56-平塚-快速,14.0,茅ケ崎
537,627,平塚,2021-11-30 01:37:00,,14-56-平塚-快速,15.0,平塚
538,1553,大宮(埼玉),2021-11-30 00:00:00,2021-11-30 15:26:00,15-27-小田原-特別快速,0.0,大宮(埼玉)
539,1554,浦和,2021-11-30 00:07:00,2021-11-30 15:33:00,15-27-小田原-特別快速,1.0,浦和
540,1555,赤羽,2021-11-30 00:15:00,2021-11-30 15:41:00,15-27-小田原-特別快速,2.0,赤羽
541,1556,池袋,2021-11-30 00:27:00,2021-11-30 15:53:00,15-27-小田原-特別快速,3.0,尾久/池袋
542,2916,池袋,2021-11-30 00:28:00,2021-11-30 15:54:00,15-27-小田原-特別快速,3.5,尾久/池袋
543,1557,新宿,2021-11-30 00:33:00,2021-11-30 15:59:00,15-27-小田原-特別快速,4.0,上野/新宿
544,2917,新宿,2021-11-30 00:34:00,2021-11-30 16:00:00,15-27-小田原-特別快速,4.5,上野/新宿
545,1558,渋谷,2021-11-30 00:38:00,2021-11-30 16:04:00,15-27-小田原-特別快速,5.0,東京/渋谷
546,2918,渋谷,2021-11-30 00:39:00,2021-11-30 16:05:00,15-27-小田原-特別快速,5.5,東京/渋谷
547,1559,大崎,2021-11-30 00:44:00,2021-11-30 16:10:00,15-27-小田原-特別快速,6.0,品川/大崎
548,2919,大崎,2021-11-30 00:45:00,2021-11-30 16:11:00,15-27-小田原-特別快速,6.5,品川/大崎
549,1560,武蔵小杉,2021-11-30 00:52:00,2021-11-30 16:18:00,15-27-小田原-特別快速,7.0,川崎/武蔵小杉
550,2920,武蔵小杉,2021-11-30 00:53:00,2021-11-30 16:19:00,15-27-小田原-特別快速,7.5,川崎/武蔵小杉
551,1561,横浜,2021-11-30 01:03:00,2021-11-30 16:29:00,15-27-小田原-特別快速,8.0,横浜
552,2921,横浜,2021-11-30 01:04:00,2021-11-30 16:30:00,15-27-小田原-特別快速,8.5,横浜
553,1562,戸塚,2021-11-30 01:13:00,2021-11-30 16:39:00,15-27-小田原-特別快速,9.0,戸塚
554,2922,戸塚,2021-11-30 01:14:00,2021-11-30 16:40:00,15-27-小田原-特別快速,9.5,戸塚
555,1563,大船,2021-11-30 01:18:00,2021-11-30 16:44:00,15-27-小田原-特別快速,10.0,大船
556,2923,大船,2021-11-30 01:19:00,2021-11-30 16:45:00,15-27-小田原-特別快速,10.5,大船
557,1564,藤沢,2021-11-30 01:23:00,2021-11-30 16:49:00,15-27-小田原-特別快速,11.0,藤沢
558,1565,茅ケ崎,2021-11-30 01:28:00,2021-11-30 16:54:00,15-27-小田原-特別快速,12.0,茅ケ崎
559,2924,茅ケ崎,2021-11-30 01:29:00,2021-11-30 16:55:00,15-27-小田原-特別快速,12.5,茅ケ崎
560,1566,平塚,2021-11-30 01:33:00,2021-11-30 16:59:00,15-27-小田原-特別快速,13.0,平塚
561,1567,国府津,2021-11-30 01:42:00,2021-11-30 17:08:00,15-27-小田原-特別快速,14.0,国府津
562,2925,国府津,2021-11-30 01:43:00,2021-11-30 17:09:00,15-27-小田原-特別快速,14.5,国府津
563,1568,小田原,2021-11-30 01:48:00,,15-27-小田原-特別快速,15.0,小田原
564,1263,大宮(埼玉),2021-11-30 00:00:00,2021-11-30 15:56:00,15-57-平塚-快速,0.0,大宮(埼玉)
565,1264,浦和,2021-11-30 00:06:00,2021-11-30 16:02:00,15-57-平塚-快速,1.0,浦和
566,2766,浦和,2021-11-30 00:07:00,2021-11-30 16:03:00,15-57-平塚-快速,1.5,浦和
567,1265,赤羽,2021-11-30 00:15:00,2021-11-30 16:11:00,15-57-平塚-快速,2.0,赤羽
568,1266,池袋,2021-11-30 00:26:00,2021-11-30 16:22:00,15-57-平塚-快速,3.0,尾久/池袋
569,2767,池袋,2021-11-30 00:27:00,2021-11-30 16:23:00,15-57-平塚-快速,3.5,尾久/池袋
570,1267,新宿,2021-11-30 00:33:00,2021-11-30 16:29:00,15-57-平塚-快速,4.0,上野/新宿
571,2768,新宿,2021-11-30 00:34:00,2021-11-30 16:30:00,15-57-平塚-快速,4.5,上野/新宿
572,1268,渋谷,2021-11-30 00:38:00,2021-11-30 16:34:00,15-57-平塚-快速,5.0,東京/渋谷
573,2769,渋谷,2021-11-30 00:39:00,2021-11-30 16:35:00,15-57-平塚-快速,5.5,東京/渋谷
574,1269,恵比寿,2021-11-30 00:41:00,2021-11-30 16:37:00,15-57-平塚-快速,6.0,新橋/恵比寿
575,1270,大崎,2021-11-30 00:45:00,2021-11-30 16:41:00,15-57-平塚-快速,7.0,品川/大崎
576,2770,大崎,2021-11-30 00:46:00,2021-11-30 16:42:00,15-57-平塚-快速,7.5,品川/大崎
577,1271,武蔵小杉,2021-11-30 00:53:00,2021-11-30 16:49:00,15-57-平塚-快速,8.0,川崎/武蔵小杉
578,2771,武蔵小杉,2021-11-30 00:54:00,2021-11-30 16:50:00,15-57-平塚-快速,8.5,川崎/武蔵小杉
579,1272,横浜,2021-11-30 01:04:00,2021-11-30 17:00:00,15-57-平塚-快速,9.0,横浜
580,2772,横浜,2021-11-30 01:05:00,2021-11-30 17:01:00,15-57-平塚-快速,9.5,横浜
581,1273,戸塚,2021-11-30 01:15:00,2021-11-30 17:11:00,15-57-平塚-快速,10.0,戸塚
582,1274,大船,2021-11-30 01:20:00,2021-11-30 17:16:00,15-57-平塚-快速,11.0,大船
583,2773,大船,2021-11-30 01:21:00,2021-11-30 17:17:00,15-57-平塚-快速,11.5,大船
584,1275,藤沢,2021-11-30 01:25:00,2021-11-30 17:21:00,15-57-平塚-快速,12.0,藤沢
585,1276,辻堂,2021-11-30 01:28:00,2021-11-30 17:24:00,15-57-平塚-快速,13.0,辻堂
586,2774,辻堂,2021-11-30 01:29:00,2021-11-30 17:25:00,15-57-平塚-快速,13.5,辻堂
587,1277,茅ケ崎,2021-11-30 01:32:00,2021-11-30 17:28:00,15-57-平塚-快速,14.0,茅ケ崎
588,1278,平塚,2021-11-30 01:37:00,,15-57-平塚-快速,15.0,平塚
589,1476,大宮(埼玉),2021-11-30 00:00:00,2021-11-30 16:26:00,16-27-小田原-特別快速,0.0,大宮(埼玉)
590,1477,浦和,2021-11-30 00:07:00,2021-11-30 16:33:00,16-27-小田原-特別快速,1.0,浦和
591,1478,赤羽,2021-11-30 00:15:00,2021-11-30 16:41:00,16-27-小田原-特別快速,2.0,赤羽
592,1479,池袋,2021-11-30 00:27:00,2021-11-30 16:53:00,16-27-小田原-特別快速,3.0,尾久/池袋
593,1480,新宿,2021-11-30 00:32:00,2021-11-30 16:58:00,16-27-小田原-特別快速,4.0,上野/新宿
594,2879,新宿,2021-11-30 00:34:00,2021-11-30 17:00:00,16-27-小田原-特別快速,4.5,上野/新宿
595,1481,渋谷,2021-11-30 00:38:00,2021-11-30 17:04:00,16-27-小田原-特別快速,5.0,東京/渋谷
596,2880,渋谷,2021-11-30 00:39:00,2021-11-30 17:05:00,16-27-小田原-特別快速,5.5,東京/渋谷
597,1482,大崎,2021-11-30 00:45:00,2021-11-30 17:11:00,16-27-小田原-特別快速,6.0,品川/大崎
598,1483,武蔵小杉,2021-11-30 00:54:00,2021-11-30 17:20:00,16-27-小田原-特別快速,7.0,川崎/武蔵小杉
599,1484,横浜,2021-11-30 01:04:00,2021-11-30 17:30:00,16-27-小田原-特別快速,8.0,横浜
600,2881,横浜,2021-11-30 01:05:00,2021-11-30 17:31:00,16-27-小田原-特別快速,8.5,横浜
601,1485,戸塚,2021-11-30 01:14:00,2021-11-30 17:40:00,16-27-小田原-特別快速,9.0,戸塚
602,2882,戸塚,2021-11-30 01:15:00,2021-11-30 17:41:00,16-27-小田原-特別快速,9.5,戸塚
603,1486,大船,2021-11-30 01:20:00,2021-11-30 17:46:00,16-27-小田原-特別快速,10.0,大船
604,1487,藤沢,2021-11-30 01:24:00,2021-11-30 17:50:00,16-27-小田原-特別快速,11.0,藤沢
605,2883,藤沢,2021-11-30 01:25:00,2021-11-30 17:51:00,16-27-小田原-特別快速,11.5,藤沢
606,1488,茅ケ崎,2021-11-30 01:30:00,2021-11-30 17:56:00,16-27-小田原-特別快速,12.0,茅ケ崎
607,1489,平塚,2021-11-30 01:35:00,2021-11-30 18:01:00,16-27-小田原-特別快速,13.0,平塚
608,2884,平塚,2021-11-30 01:36:00,2021-11-30 18:02:00,16-27-小田原-特別快速,13.5,平塚
609,1490,国府津,2021-11-30 01:46:00,2021-11-30 18:12:00,16-27-小田原-特別快速,14.0,国府津
610,2885,国府津,2021-11-30 01:47:00,2021-11-30 18:13:00,16-27-小田原-特別快速,14.5,国府津
611,1491,小田原,2021-11-30 01:53:00,,16-27-小田原-特別快速,15.0,小田原
612,1492,大宮(埼玉),2021-11-30 00:00:00,2021-11-30 16:59:00,17-00-平塚-快速,0.0,大宮(埼玉)
613,1493,浦和,2021-11-30 00:07:00,2021-11-30 17:06:00,17-00-平塚-快速,1.0,浦和
614,1494,赤羽,2021-11-30 00:16:00,2021-11-30 17:15:00,17-00-平塚-快速,2.0,赤羽
615,1495,池袋,2021-11-30 00:27:00,2021-11-30 17:26:00,17-00-平塚-快速,3.0,尾久/池袋
616,1496,新宿,2021-11-30 00:32:00,2021-11-30 17:31:00,17-00-平塚-快速,4.0,上野/新宿
617,2886,新宿,2021-11-30 00:33:00,2021-11-30 17:32:00,17-00-平塚-快速,4.5,上野/新宿
618,1497,渋谷,2021-11-30 00:38:00,2021-11-30 17:37:00,17-00-平塚-快速,5.0,東京/渋谷
619,1498,恵比寿,2021-11-30 00:40:00,2021-11-30 17:39:00,17-00-平塚-快速,6.0,新橋/恵比寿
620,2887,恵比寿,2021-11-30 00:41:00,2021-11-30 17:40:00,17-00-平塚-快速,6.5,新橋/恵比寿
621,1499,大崎,2021-11-30 00:45:00,2021-11-30 17:44:00,17-00-平塚-快速,7.0,品川/大崎
622,1500,武蔵小杉,2021-11-30 00:53:00,2021-11-30 17:52:00,17-00-平塚-快速,8.0,川崎/武蔵小杉
623,2888,武蔵小杉,2021-11-30 00:54:00,2021-11-30 17:53:00,17-00-平塚-快速,8.5,川崎/武蔵小杉
624,1501,横浜,2021-11-30 01:04:00,2021-11-30 18:03:00,17-00-平塚-快速,9.0,横浜
625,2889,横浜,2021-11-30 01:05:00,2021-11-30 18:04:00,17-00-平塚-快速,9.5,横浜
626,1502,戸塚,2021-11-30 01:15:00,2021-11-30 18:14:00,17-00-平塚-快速,10.0,戸塚
627,1503,大船,2021-11-30 01:20:00,2021-11-30 18:19:00,17-00-平塚-快速,11.0,大船
628,2890,大船,2021-11-30 01:21:00,2021-11-30 18:20:00,17-00-平塚-快速,11.5,大船
629,1504,藤沢,2021-11-30 01:26:00,2021-11-30 18:25:00,17-00-平塚-快速,12.0,藤沢
630,1505,辻堂,2021-11-30 01:30:00,2021-11-30 18:29:00,17-00-平塚-快速,13.0,辻堂
631,1506,茅ケ崎,2021-11-30 01:34:00,2021-11-30 18:33:00,17-00-平塚-快速,14.0,茅ケ崎
632,1507,平塚,2021-11-30 01:39:00,,17-00-平塚-快速,15.0,平塚
633,406,大宮(埼玉),2021-11-30 00:00:00,2021-11-30 17:29:00,17-30-小田原-快速,0.0,大宮(埼玉)
634,407,浦和,2021-11-30 00:06:00,2021-11-30 17:35:00,17-30-小田原-快速,1.0,浦和
635,408,赤羽,2021-11-30 00:14:00,2021-11-30 17:43:00,17-30-小田原-快速,2.0,赤羽
636,409,池袋,2021-11-30 00:25:00,2021-11-30 17:54:00,17-30-小田原-快速,3.0,尾久/池袋
637,410,新宿,2021-11-30 00:30:00,2021-11-30 17:59:00,17-30-小田原-快速,4.0,上野/新宿
638,2294,新宿,2021-11-30 00:31:00,2021-11-30 18:00:00,17-30-小田原-快速,4.5,上野/新宿
639,411,渋谷,2021-11-30 00:36:00,2021-11-30 18:05:00,17-30-小田原-快速,5.0,東京/渋谷
640,2295,渋谷,2021-11-30 00:37:00,2021-11-30 18:06:00,17-30-小田原-快速,5.5,東京/渋谷
641,412,恵比寿,2021-11-30 00:39:00,2021-11-30 18:08:00,17-30-小田原-快速,6.0,新橋/恵比寿
642,413,大崎,2021-11-30 00:43:00,2021-11-30 18:12:00,17-30-小田原-快速,7.0,品川/大崎
643,2296,大崎,2021-11-30 00:44:00,2021-11-30 18:13:00,17-30-小田原-快速,7.5,品川/大崎
644,414,武蔵小杉,2021-11-30 00:55:00,2021-11-30 18:24:00,17-30-小田原-快速,8.0,川崎/武蔵小杉
645,415,横浜,2021-11-30 01:07:00,2021-11-30 18:36:00,17-30-小田原-快速,9.0,横浜
646,2297,横浜,2021-11-30 01:08:00,2021-11-30 18:37:00,17-30-小田原-快速,9.5,横浜
647,416,戸塚,2021-11-30 01:20:00,2021-11-30 18:49:00,17-30-小田原-快速,10.0,戸塚
648,2298,戸塚,2021-11-30 01:21:00,2021-11-30 18:50:00,17-30-小田原-快速,10.5,戸塚
649,417,大船,2021-11-30 01:26:00,2021-11-30 18:55:00,17-30-小田原-快速,11.0,大船
650,2299,大船,2021-11-30 01:27:00,2021-11-30 18:56:00,17-30-小田原-快速,11.5,大船
651,418,藤沢,2021-11-30 01:31:00,2021-11-30 19:00:00,17-30-小田原-快速,12.0,藤沢
652,419,辻堂,2021-11-30 01:35:00,2021-11-30 19:04:00,17-30-小田原-快速,13.0,辻堂
653,420,茅ケ崎,2021-11-30 01:39:00,2021-11-30 19:08:00,17-30-小田原-快速,14.0,茅ケ崎
654,421,平塚,2021-11-30 01:44:00,2021-11-30 19:13:00,17-30-小田原-快速,15.0,平塚
655,2300,平塚,2021-11-30 01:45:00,2021-11-30 19:14:00,17-30-小田原-快速,15.5,平塚
656,422,大磯,2021-11-30 01:48:00,2021-11-30 19:17:00,17-30-小田原-快速,16.0,大磯
657,2301,大磯,2021-11-30 01:49:00,2021-11-30 19:18:00,17-30-小田原-快速,16.5,大磯
658,423,二宮,2021-11-30 01:53:00,2021-11-30 19:22:00,17-30-小田原-快速,17.0,二宮
659,2302,二宮,2021-11-30 01:54:00,2021-11-30 19:23:00,17-30-小田原-快速,17.5,二宮
660,424,国府津,2021-11-30 01:57:00,2021-11-30 19:26:00,17-30-小田原-快速,18.0,国府津
661,2303,国府津,2021-11-30 01:58:00,2021-11-30 19:27:00,17-30-小田原-快速,18.5,国府津
662,425,鴨宮,2021-11-30 02:01:00,2021-11-30 19:30:00,17-30-小田原-快速,19.0,鴨宮
663,2304,鴨宮,2021-11-30 02:02:00,2021-11-30 19:31:00,17-30-小田原-快速,19.5,鴨宮
664,426,小田原,2021-11-30 02:05:00,,17-30-小田原-快速,20.0,小田原
665,1795,大宮(埼玉),2021-11-30 00:00:00,2021-11-30 17:56:00,17-57-小田原-快速,0.0,大宮(埼玉)
666,1796,浦和,2021-11-30 00:06:00,2021-11-30 18:02:00,17-57-小田原-快速,1.0,浦和
667,3051,浦和,2021-11-30 00:07:00,2021-11-30 18:03:00,17-57-小田原-快速,1.5,浦和
668,1797,赤羽,2021-11-30 00:16:00,2021-11-30 18:12:00,17-57-小田原-快速,2.0,赤羽
669,1798,池袋,2021-11-30 00:28:00,2021-11-30 18:24:00,17-57-小田原-快速,3.0,尾久/池袋
670,3052,池袋,2021-11-30 00:29:00,2021-11-30 18:25:00,17-57-小田原-快速,3.5,尾久/池袋
671,1799,新宿,2021-11-30 00:34:00,2021-11-30 18:30:00,17-57-小田原-快速,4.0,上野/新宿
672,3053,新宿,2021-11-30 00:35:00,2021-11-30 18:31:00,17-57-小田原-快速,4.5,上野/新宿
673,1800,渋谷,2021-11-30 00:40:00,2021-11-30 18:36:00,17-57-小田原-快速,5.0,東京/渋谷
674,3054,渋谷,2021-11-30 00:41:00,2021-11-30 18:37:00,17-57-小田原-快速,5.5,東京/渋谷
675,1801,恵比寿,2021-11-30 00:43:00,2021-11-30 18:39:00,17-57-小田原-快速,6.0,新橋/恵比寿
676,1802,大崎,2021-11-30 00:47:00,2021-11-30 18:43:00,17-57-小田原-快速,7.0,品川/大崎
677,1803,武蔵小杉,2021-11-30 00:56:00,2021-11-30 18:52:00,17-57-小田原-快速,8.0,川崎/武蔵小杉
678,3055,武蔵小杉,2021-11-30 00:57:00,2021-11-30 18:53:00,17-57-小田原-快速,8.5,川崎/武蔵小杉
679,1804,横浜,2021-11-30 01:08:00,2021-11-30 19:04:00,17-57-小田原-快速,9.0,横浜
680,3056,横浜,2021-11-30 01:09:00,2021-11-30 19:05:00,17-57-小田原-快速,9.5,横浜
681,1805,戸塚,2021-11-30 01:19:00,2021-11-30 19:15:00,17-57-小田原-快速,10.0,戸塚
682,1806,大船,2021-11-30 01:24:00,2021-11-30 19:20:00,17-57-小田原-快速,11.0,大船
683,3057,大船,2021-11-30 01:25:00,2021-11-30 19:21:00,17-57-小田原-快速,11.5,大船
684,1807,藤沢,2021-11-30 01:29:00,2021-11-30 19:25:00,17-57-小田原-快速,12.0,藤沢
685,3058,藤沢,2021-11-30 01:30:00,2021-11-30 19:26:00,17-57-小田原-快速,12.5,藤沢
686,1808,辻堂,2021-11-30 01:34:00,2021-11-30 19:30:00,17-57-小田原-快速,13.0,辻堂
687,1809,茅ケ崎,2021-11-30 01:38:00,2021-11-30 19:34:00,17-57-小田原-快速,14.0,茅ケ崎
688,1810,平塚,2021-11-30 01:43:00,2021-11-30 19:39:00,17-57-小田原-快速,15.0,平塚
689,3059,平塚,2021-11-30 01:44:00,2021-11-30 19:40:00,17-57-小田原-快速,15.5,平塚
690,1811,大磯,2021-11-30 01:47:00,2021-11-30 19:43:00,17-57-小田原-快速,16.0,大磯
691,1812,二宮,2021-11-30 01:52:00,2021-11-30 19:48:00,17-57-小田原-快速,17.0,二宮
692,1813,国府津,2021-11-30 01:56:00,2021-11-30 19:52:00,17-57-小田原-快速,18.0,国府津
693,3060,国府津,2021-11-30 01:57:00,2021-11-30 19:53:00,17-57-小田原-快速,18.5,国府津
694,1814,鴨宮,2021-11-30 02:01:00,2021-11-30 19:57:00,17-57-小田原-快速,19.0,鴨宮
695,1815,小田原,2021-11-30 02:05:00,,17-57-小田原-快速,20.0,小田原
696,488,大宮(埼玉),2021-11-30 00:00:00,2021-11-30 18:32:00,18-33-国府津-快速,0.0,大宮(埼玉)
697,489,浦和,2021-11-30 00:08:00,2021-11-30 18:40:00,18-33-国府津-快速,1.0,浦和
698,490,赤羽,2021-11-30 00:16:00,2021-11-30 18:48:00,18-33-国府津-快速,2.0,赤羽
699,491,池袋,2021-11-30 00:28:00,2021-11-30 19:00:00,18-33-国府津-快速,3.0,尾久/池袋
700,2340,池袋,2021-11-30 00:30:00,2021-11-30 19:02:00,18-33-国府津-快速,3.5,尾久/池袋
701,492,新宿,2021-11-30 00:35:00,2021-11-30 19:07:00,18-33-国府津-快速,4.0,上野/新宿
702,2341,新宿,2021-11-30 00:36:00,2021-11-30 19:08:00,18-33-国府津-快速,4.5,上野/新宿
703,493,渋谷,2021-11-30 00:40:00,2021-11-30 19:12:00,18-33-国府津-快速,5.0,東京/渋谷
704,2342,渋谷,2021-11-30 00:41:00,2021-11-30 19:13:00,18-33-国府津-快速,5.5,東京/渋谷
705,494,恵比寿,2021-11-30 00:43:00,2021-11-30 19:15:00,18-33-国府津-快速,6.0,新橋/恵比寿
706,495,大崎,2021-11-30 00:47:00,2021-11-30 19:19:00,18-33-国府津-快速,7.0,品川/大崎
707,2343,大崎,2021-11-30 00:48:00,2021-11-30 19:20:00,18-33-国府津-快速,7.5,品川/大崎
708,496,武蔵小杉,2021-11-30 00:55:00,2021-11-30 19:27:00,18-33-国府津-快速,8.0,川崎/武蔵小杉
709,2344,武蔵小杉,2021-11-30 00:56:00,2021-11-30 19:28:00,18-33-国府津-快速,8.5,川崎/武蔵小杉
710,497,横浜,2021-11-30 01:06:00,2021-11-30 19:38:00,18-33-国府津-快速,9.0,横浜
711,2345,横浜,2021-11-30 01:07:00,2021-11-30 19:39:00,18-33-国府津-快速,9.5,横浜
712,498,戸塚,2021-11-30 01:18:00,2021-11-30 19:50:00,18-33-国府津-快速,10.0,戸塚
713,499,大船,2021-11-30 01:23:00,2021-11-30 19:55:00,18-33-国府津-快速,11.0,大船
714,2346,大船,2021-11-30 01:24:00,2021-11-30 19:56:00,18-33-国府津-快速,11.5,大船
715,500,藤沢,2021-11-30 01:29:00,2021-11-30 20:01:00,18-33-国府津-快速,12.0,藤沢
716,501,辻堂,2021-11-30 01:32:00,2021-11-30 20:04:00,18-33-国府津-快速,13.0,辻堂
717,2347,辻堂,2021-11-30 01:33:00,2021-11-30 20:05:00,18-33-国府津-快速,13.5,辻堂
718,502,茅ケ崎,2021-11-30 01:36:00,2021-11-30 20:08:00,18-33-国府津-快速,14.0,茅ケ崎
719,2348,茅ケ崎,2021-11-30 01:37:00,2021-11-30 20:09:00,18-33-国府津-快速,14.5,茅ケ崎
720,503,平塚,2021-11-30 01:41:00,2021-11-30 20:13:00,18-33-国府津-快速,15.0,平塚
721,2349,平塚,2021-11-30 01:43:00,2021-11-30 20:15:00,18-33-国府津-快速,15.5,平塚
722,504,大磯,2021-11-30 01:46:00,2021-11-30 20:18:00,18-33-国府津-快速,16.0,大磯
723,2350,大磯,2021-11-30 01:47:00,2021-11-30 20:19:00,18-33-国府津-快速,16.5,大磯
724,505,二宮,2021-11-30 01:51:00,2021-11-30 20:23:00,18-33-国府津-快速,17.0,二宮
725,2351,二宮,2021-11-30 01:52:00,2021-11-30 20:24:00,18-33-国府津-快速,17.5,二宮
726,506,国府津,2021-11-30 01:56:00,,18-33-国府津-快速,18.0,国府津
727,2053,大宮(埼玉),2021-11-30 00:00:00,2021-11-30 19:11:00,19-12-平塚-快速,0.0,大宮(埼玉)
728,2054,浦和,2021-11-30 00:07:00,2021-11-30 19:18:00,19-12-平塚-快速,1.0,浦和
729,2055,赤羽,2021-11-30 00:15:00,2021-11-30 19:26:00,19-12-平塚-快速,2.0,赤羽
730,3190,赤羽,2021-11-30 00:16:00,2021-11-30 19:27:00,19-12-平塚-快速,2.5,赤羽
731,2056,池袋,2021-11-30 00:26:00,2021-11-30 19:37:00,19-12-平塚-快速,3.0,尾久/池袋
732,3191,池袋,2021-11-30 00:27:00,2021-11-30 19:38:00,19-12-平塚-快速,3.5,尾久/池袋
733,2057,新宿,2021-11-30 00:33:00,2021-11-30 19:44:00,19-12-平塚-快速,4.0,上野/新宿
734,3192,新宿,2021-11-30 00:34:00,2021-11-30 19:45:00,19-12-平塚-快速,4.5,上野/新宿
735,2058,渋谷,2021-11-30 00:38:00,2021-11-30 19:49:00,19-12-平塚-快速,5.0,東京/渋谷
736,3193,渋谷,2021-11-30 00:39:00,2021-11-30 19:50:00,19-12-平塚-快速,5.5,東京/渋谷
737,2059,恵比寿,2021-11-30 00:41:00,2021-11-30 19:52:00,19-12-平塚-快速,6.0,新橋/恵比寿
738,2060,大崎,2021-11-30 00:45:00,2021-11-30 19:56:00,19-12-平塚-快速,7.0,品川/大崎
739,3194,大崎,2021-11-30 00:46:00,2021-11-30 19:57:00,19-12-平塚-快速,7.5,品川/大崎
740,2061,武蔵小杉,2021-11-30 00:53:00,2021-11-30 20:04:00,19-12-平塚-快速,8.0,川崎/武蔵小杉
741,3195,武蔵小杉,2021-11-30 00:54:00,2021-11-30 20:05:00,19-12-平塚-快速,8.5,川崎/武蔵小杉
742,2062,横浜,2021-11-30 01:04:00,2021-11-30 20:15:00,19-12-平塚-快速,9.0,横浜
743,3196,横浜,2021-11-30 01:05:00,2021-11-30 20:16:00,19-12-平塚-快速,9.5,横浜
744,2063,戸塚,2021-11-30 01:17:00,2021-11-30 20:28:00,19-12-平塚-快速,10.0,戸塚
745,2064,大船,2021-11-30 01:22:00,2021-11-30 20:33:00,19-12-平塚-快速,11.0,大船
746,3197,大船,2021-11-30 01:28:00,2021-11-30 20:39:00,19-12-平塚-快速,11.5,大船
747,2065,藤沢,2021-11-30 01:33:00,2021-11-30 20:44:00,19-12-平塚-快速,12.0,藤沢
748,2066,辻堂,2021-11-30 01:37:00,2021-11-30 20:48:00,19-12-平塚-快速,13.0,辻堂
749,2067,茅ケ崎,2021-11-30 01:41:00,2021-11-30 20:52:00,19-12-平塚-快速,14.0,茅ケ崎
750,2068,平塚,2021-11-30 01:46:00,,19-12-平塚-快速,15.0,平塚
751,0,大宮(埼玉),2021-11-30 00:00:00,2021-11-30 19:34:00,19-35-国府津-快速,0.0,大宮(埼玉)
752,1,浦和,2021-11-30 00:07:00,2021-11-30 19:41:00,19-35-国府津-快速,1.0,浦和
753,2,赤羽,2021-11-30 00:15:00,2021-11-30 19:49:00,19-35-国府津-快速,2.0,赤羽
754,2069,赤羽,2021-11-30 00:16:00,2021-11-30 19:50:00,19-35-国府津-快速,2.5,赤羽
755,3,池袋,2021-11-30 00:26:00,2021-11-30 20:00:00,19-35-国府津-快速,3.0,尾久/池袋
756,2070,池袋,2021-11-30 00:28:00,2021-11-30 20:02:00,19-35-国府津-快速,3.5,尾久/池袋
757,4,新宿,2021-11-30 00:33:00,2021-11-30 20:07:00,19-35-国府津-快速,4.0,上野/新宿
758,2071,新宿,2021-11-30 00:34:00,2021-11-30 20:08:00,19-35-国府津-快速,4.5,上野/新宿
759,5,渋谷,2021-11-30 00:38:00,2021-11-30 20:12:00,19-35-国府津-快速,5.0,東京/渋谷
760,2072,渋谷,2021-11-30 00:39:00,2021-11-30 20:13:00,19-35-国府津-快速,5.5,東京/渋谷
761,6,恵比寿,2021-11-30 00:41:00,2021-11-30 20:15:00,19-35-国府津-快速,6.0,新橋/恵比寿
762,7,大崎,2021-11-30 00:45:00,2021-11-30 20:19:00,19-35-国府津-快速,7.0,品川/大崎
763,2073,大崎,2021-11-30 00:46:00,2021-11-30 20:20:00,19-35-国府津-快速,7.5,品川/大崎
764,8,武蔵小杉,2021-11-30 00:53:00,2021-11-30 20:27:00,19-35-国府津-快速,8.0,川崎/武蔵小杉
765,2074,武蔵小杉,2021-11-30 00:54:00,2021-11-30 20:28:00,19-35-国府津-快速,8.5,川崎/武蔵小杉
766,9,横浜,2021-11-30 01:06:00,2021-11-30 20:40:00,19-35-国府津-快速,9.0,横浜
767,2075,横浜,2021-11-30 01:08:00,2021-11-30 20:42:00,19-35-国府津-快速,9.5,横浜
768,10,戸塚,2021-11-30 01:19:00,2021-11-30 20:53:00,19-35-国府津-快速,10.0,戸塚
769,2076,戸塚,2021-11-30 01:20:00,2021-11-30 20:54:00,19-35-国府津-快速,10.5,戸塚
770,11,大船,2021-11-30 01:26:00,2021-11-30 21:00:00,19-35-国府津-快速,11.0,大船
771,12,藤沢,2021-11-30 01:30:00,2021-11-30 21:04:00,19-35-国府津-快速,12.0,藤沢
772,2077,藤沢,2021-11-30 01:31:00,2021-11-30 21:05:00,19-35-国府津-快速,12.5,藤沢
773,13,辻堂,2021-11-30 01:34:00,2021-11-30 21:08:00,19-35-国府津-快速,13.0,辻堂
774,2078,辻堂,2021-11-30 01:35:00,2021-11-30 21:09:00,19-35-国府津-快速,13.5,辻堂
775,14,茅ケ崎,2021-11-30 01:38:00,2021-11-30 21:12:00,19-35-国府津-快速,14.0,茅ケ崎
776,2079,茅ケ崎,2021-11-30 01:39:00,2021-11-30 21:13:00,19-35-国府津-快速,14.5,茅ケ崎
777,15,平塚,2021-11-30 01:43:00,2021-11-30 21:17:00,19-35-国府津-快速,15.0,平塚
778,2080,平塚,2021-11-30 01:44:00,2021-11-30 21:18:00,19-35-国府津-快速,15.5,平塚
779,16,大磯,2021-11-30 01:47:00,2021-11-30 21:21:00,19-35-国府津-快速,16.0,大磯
780,2081,大磯,2021-11-30 01:48:00,2021-11-30 21:22:00,19-35-国府津-快速,16.5,大磯
781,17,二宮,2021-11-30 01:52:00,2021-11-30 21:26:00,19-35-国府津-快速,17.0,二宮
782,2082,二宮,2021-11-30 01:53:00,2021-11-30 21:27:00,19-35-国府津-快速,17.5,二宮
783,18,国府津,2021-11-30 01:57:00,,19-35-国府津-快速,18.0,国府津
784,1689,大宮(埼玉),2021-11-30 00:00:00,2021-11-30 20:02:00,20-03-国府津-快速,0.0,大宮(埼玉)
785,1690,浦和,2021-11-30 00:06:00,2021-11-30 20:08:00,20-03-国府津-快速,1.0,浦和
786,1691,赤羽,2021-11-30 00:14:00,2021-11-30 20:16:00,20-03-国府津-快速,2.0,赤羽
787,1692,池袋,2021-11-30 00:25:00,2021-11-30 20:27:00,20-03-国府津-快速,3.0,尾久/池袋
788,2990,池袋,2021-11-30 00:26:00,2021-11-30 20:28:00,20-03-国府津-快速,3.5,尾久/池袋
789,1693,新宿,2021-11-30 00:31:00,2021-11-30 20:33:00,20-03-国府津-快速,4.0,上野/新宿
790,2991,新宿,2021-11-30 00:32:00,2021-11-30 20:34:00,20-03-国府津-快速,4.5,上野/新宿
791,1694,渋谷,2021-11-30 00:36:00,2021-11-30 20:38:00,20-03-国府津-快速,5.0,東京/渋谷
792,2992,渋谷,2021-11-30 00:37:00,2021-11-30 20:39:00,20-03-国府津-快速,5.5,東京/渋谷
793,1695,恵比寿,2021-11-30 00:39:00,2021-11-30 20:41:00,20-03-国府津-快速,6.0,新橋/恵比寿
794,1696,大崎,2021-11-30 00:43:00,2021-11-30 20:45:00,20-03-国府津-快速,7.0,品川/大崎
795,2993,大崎,2021-11-30 00:44:00,2021-11-30 20:46:00,20-03-国府津-快速,7.5,品川/大崎
796,1697,武蔵小杉,2021-11-30 00:51:00,2021-11-30 20:53:00,20-03-国府津-快速,8.0,川崎/武蔵小杉
797,2994,武蔵小杉,2021-11-30 00:52:00,2021-11-30 20:54:00,20-03-国府津-快速,8.5,川崎/武蔵小杉
798,1698,横浜,2021-11-30 01:02:00,2021-11-30 21:04:00,20-03-国府津-快速,9.0,横浜
799,2995,横浜,2021-11-30 01:03:00,2021-11-30 21:05:00,20-03-国府津-快速,9.5,横浜
800,1699,戸塚,2021-11-30 01:12:00,2021-11-30 21:14:00,20-03-国府津-快速,10.0,戸塚
801,2996,戸塚,2021-11-30 01:13:00,2021-11-30 21:15:00,20-03-国府津-快速,10.5,戸塚
802,1700,大船,2021-11-30 01:18:00,2021-11-30 21:20:00,20-03-国府津-快速,11.0,大船
803,2997,大船,2021-11-30 01:19:00,2021-11-30 21:21:00,20-03-国府津-快速,11.5,大船
804,1701,藤沢,2021-11-30 01:23:00,2021-11-30 21:25:00,20-03-国府津-快速,12.0,藤沢
805,2998,藤沢,2021-11-30 01:24:00,2021-11-30 21:26:00,20-03-国府津-快速,12.5,藤沢
806,1702,辻堂,2021-11-30 01:27:00,2021-11-30 21:29:00,20-03-国府津-快速,13.0,辻堂
807,2999,辻堂,2021-11-30 01:28:00,2021-11-30 21:30:00,20-03-国府津-快速,13.5,辻堂
808,1703,茅ケ崎,2021-11-30 01:31:00,2021-11-30 21:33:00,20-03-国府津-快速,14.0,茅ケ崎
809,3000,茅ケ崎,2021-11-30 01:32:00,2021-11-30 21:34:00,20-03-国府津-快速,14.5,茅ケ崎
810,1704,平塚,2021-11-30 01:36:00,2021-11-30 21:38:00,20-03-国府津-快速,15.0,平塚
811,3001,平塚,2021-11-30 01:37:00,2021-11-30 21:39:00,20-03-国府津-快速,15.5,平塚
812,1705,大磯,2021-11-30 01:40:00,2021-11-30 21:42:00,20-03-国府津-快速,16.0,大磯
813,3002,大磯,2021-11-30 01:41:00,2021-11-30 21:43:00,20-03-国府津-快速,16.5,大磯
814,1706,二宮,2021-11-30 01:45:00,2021-11-30 21:47:00,20-03-国府津-快速,17.0,二宮
815,1707,国府津,2021-11-30 01:50:00,,20-03-国府津-快速,18.0,国府津
816,1915,大宮(埼玉),2021-11-30 00:00:00,2021-11-30 20:35:00,20-36-小田原-快速,0.0,大宮(埼玉)
817,1916,浦和,2021-11-30 00:06:00,2021-11-30 20:41:00,20-36-小田原-快速,1.0,浦和
818,3116,浦和,2021-11-30 00:07:00,2021-11-30 20:42:00,20-36-小田原-快速,1.5,浦和
819,1917,赤羽,2021-11-30 00:15:00,2021-11-30 20:50:00,20-36-小田原-快速,2.0,赤羽
820,1918,池袋,2021-11-30 00:26:00,2021-11-30 21:01:00,20-36-小田原-快速,3.0,尾久/池袋
821,3117,池袋,2021-11-30 00:27:00,2021-11-30 21:02:00,20-36-小田原-快速,3.5,尾久/池袋
822,1919,新宿,2021-11-30 00:32:00,2021-11-30 21:07:00,20-36-小田原-快速,4.0,上野/新宿
823,3118,新宿,2021-11-30 00:33:00,2021-11-30 21:08:00,20-36-小田原-快速,4.5,上野/新宿
824,1920,渋谷,2021-11-30 00:38:00,2021-11-30 21:13:00,20-36-小田原-快速,5.0,東京/渋谷
825,1921,恵比寿,2021-11-30 00:40:00,2021-11-30 21:15:00,20-36-小田原-快速,6.0,新橋/恵比寿
826,3119,恵比寿,2021-11-30 00:41:00,2021-11-30 21:16:00,20-36-小田原-快速,6.5,新橋/恵比寿
827,1922,大崎,2021-11-30 00:45:00,2021-11-30 21:20:00,20-36-小田原-快速,7.0,品川/大崎
828,1923,武蔵小杉,2021-11-30 00:53:00,2021-11-30 21:28:00,20-36-小田原-快速,8.0,川崎/武蔵小杉
829,1924,横浜,2021-11-30 01:03:00,2021-11-30 21:38:00,20-36-小田原-快速,9.0,横浜
830,3120,横浜,2021-11-30 01:04:00,2021-11-30 21:39:00,20-36-小田原-快速,9.5,横浜
831,1925,戸塚,2021-11-30 01:14:00,2021-11-30 21:49:00,20-36-小田原-快速,10.0,戸塚
832,1926,大船,2021-11-30 01:19:00,2021-11-30 21:54:00,20-36-小田原-快速,11.0,大船
833,3121,大船,2021-11-30 01:20:00,2021-11-30 21:55:00,20-36-小田原-快速,11.5,大船
834,1927,藤沢,2021-11-30 01:24:00,2021-11-30 21:59:00,20-36-小田原-快速,12.0,藤沢
835,3122,藤沢,2021-11-30 01:25:00,2021-11-30 22:00:00,20-36-小田原-快速,12.5,藤沢
836,1928,辻堂,2021-11-30 01:29:00,2021-11-30 22:04:00,20-36-小田原-快速,13.0,辻堂
837,1929,茅ケ崎,2021-11-30 01:33:00,2021-11-30 22:08:00,20-36-小田原-快速,14.0,茅ケ崎
838,3123,茅ケ崎,2021-11-30 01:34:00,2021-11-30 22:09:00,20-36-小田原-快速,14.5,茅ケ崎
839,1930,平塚,2021-11-30 01:39:00,2021-11-30 22:14:00,20-36-小田原-快速,15.0,平塚
840,1931,大磯,2021-11-30 01:42:00,2021-11-30 22:17:00,20-36-小田原-快速,16.0,大磯
841,3124,大磯,2021-11-30 01:43:00,2021-11-30 22:18:00,20-36-小田原-快速,16.5,大磯
842,1932,二宮,2021-11-30 01:47:00,2021-11-30 22:22:00,20-36-小田原-快速,17.0,二宮
843,3125,二宮,2021-11-30 01:48:00,2021-11-30 22:23:00,20-36-小田原-快速,17.5,二宮
844,1933,国府津,2021-11-30 01:52:00,2021-11-30 22:27:00,20-36-小田原-快速,18.0,国府津
845,3126,国府津,2021-11-30 01:53:00,2021-11-30 22:28:00,20-36-小田原-快速,18.5,国府津
846,1934,鴨宮,2021-11-30 01:56:00,2021-11-30 22:31:00,20-36-小田原-快速,19.0,鴨宮
847,3127,鴨宮,2021-11-30 01:57:00,2021-11-30 22:32:00,20-36-小田原-快速,19.5,鴨宮
848,1935,小田原,2021-11-30 02:00:00,,20-36-小田原-快速,20.0,小田原
849,123,大宮(埼玉),2021-11-30 00:00:00,2021-11-30 21:23:00,21-24-小田原-快速,0.0,大宮(埼玉)
850,124,浦和,2021-11-30 00:08:00,2021-11-30 21:31:00,21-24-小田原-快速,1.0,浦和
851,125,赤羽,2021-11-30 00:18:00,2021-11-30 21:41:00,21-24-小田原-快速,2.0,赤羽
852,126,池袋,2021-11-30 00:29:00,2021-11-30 21:52:00,21-24-小田原-快速,3.0,尾久/池袋
853,2139,池袋,2021-11-30 00:30:00,2021-11-30 21:53:00,21-24-小田原-快速,3.5,尾久/池袋
854,127,新宿,2021-11-30 00:35:00,2021-11-30 21:58:00,21-24-小田原-快速,4.0,上野/新宿
855,2140,新宿,2021-11-30 00:37:00,2021-11-30 22:00:00,21-24-小田原-快速,4.5,上野/新宿
856,128,渋谷,2021-11-30 00:41:00,2021-11-30 22:04:00,21-24-小田原-快速,5.0,東京/渋谷
857,2141,渋谷,2021-11-30 00:42:00,2021-11-30 22:05:00,21-24-小田原-快速,5.5,東京/渋谷
858,129,恵比寿,2021-11-30 00:44:00,2021-11-30 22:07:00,21-24-小田原-快速,6.0,新橋/恵比寿
859,130,大崎,2021-11-30 00:48:00,2021-11-30 22:11:00,21-24-小田原-快速,7.0,品川/大崎
860,2142,大崎,2021-11-30 00:49:00,2021-11-30 22:12:00,21-24-小田原-快速,7.5,品川/大崎
861,131,武蔵小杉,2021-11-30 00:56:00,2021-11-30 22:19:00,21-24-小田原-快速,8.0,川崎/武蔵小杉
862,2143,武蔵小杉,2021-11-30 00:57:00,2021-11-30 22:20:00,21-24-小田原-快速,8.5,川崎/武蔵小杉
863,132,横浜,2021-11-30 01:08:00,2021-11-30 22:31:00,21-24-小田原-快速,9.0,横浜
864,2144,横浜,2021-11-30 01:09:00,2021-11-30 22:32:00,21-24-小田原-快速,9.5,横浜
865,133,戸塚,2021-11-30 01:20:00,2021-11-30 22:43:00,21-24-小田原-快速,10.0,戸塚
866,2145,戸塚,2021-11-30 01:21:00,2021-11-30 22:44:00,21-24-小田原-快速,10.5,戸塚
867,134,大船,2021-11-30 01:26:00,2021-11-30 22:49:00,21-24-小田原-快速,11.0,大船
868,2146,大船,2021-11-30 01:27:00,2021-11-30 22:50:00,21-24-小田原-快速,11.5,大船
869,135,藤沢,2021-11-30 01:31:00,2021-11-30 22:54:00,21-24-小田原-快速,12.0,藤沢
870,2147,藤沢,2021-11-30 01:32:00,2021-11-30 22:55:00,21-24-小田原-快速,12.5,藤沢
871,136,辻堂,2021-11-30 01:35:00,2021-11-30 22:58:00,21-24-小田原-快速,13.0,辻堂
872,2148,辻堂,2021-11-30 01:36:00,2021-11-30 22:59:00,21-24-小田原-快速,13.5,辻堂
873,137,茅ケ崎,2021-11-30 01:39:00,2021-11-30 23:02:00,21-24-小田原-快速,14.0,茅ケ崎
874,2149,茅ケ崎,2021-11-30 01:40:00,2021-11-30 23:03:00,21-24-小田原-快速,14.5,茅ケ崎
875,138,平塚,2021-11-30 01:44:00,2021-11-30 23:07:00,21-24-小田原-快速,15.0,平塚
876,2150,平塚,2021-11-30 01:45:00,2021-11-30 23:08:00,21-24-小田原-快速,15.5,平塚
877,139,大磯,2021-11-30 01:48:00,2021-11-30 23:11:00,21-24-小田原-快速,16.0,大磯
878,2151,大磯,2021-11-30 01:49:00,2021-11-30 23:12:00,21-24-小田原-快速,16.5,大磯
879,140,二宮,2021-11-30 01:53:00,2021-11-30 23:16:00,21-24-小田原-快速,17.0,二宮
880,141,国府津,2021-11-30 01:57:00,2021-11-30 23:20:00,21-24-小田原-快速,18.0,国府津
881,142,鴨宮,2021-11-30 02:00:00,2021-11-30 23:23:00,21-24-小田原-快速,19.0,鴨宮
882,2152,鴨宮,2021-11-30 02:01:00,2021-11-30 23:24:00,21-24-小田原-快速,19.5,鴨宮
883,143,小田原,2021-11-30 02:04:00,,21-24-小田原-快速,20.0,小田原
884,998,大宮(埼玉),2021-11-30 00:00:00,2021-11-30 22:10:00,22-11-小田原-快速,0.0,大宮(埼玉)
885,999,浦和,2021-11-30 00:06:00,2021-11-30 22:16:00,22-11-小田原-快速,1.0,浦和
886,2620,浦和,2021-11-30 00:07:00,2021-11-30 22:17:00,22-11-小田原-快速,1.5,浦和
887,1000,赤羽,2021-11-30 00:15:00,2021-11-30 22:25:00,22-11-小田原-快速,2.0,赤羽
888,1001,池袋,2021-11-30 00:25:00,2021-11-30 22:35:00,22-11-小田原-快速,3.0,尾久/池袋
889,2621,池袋,2021-11-30 00:26:00,2021-11-30 22:36:00,22-11-小田原-快速,3.5,尾久/池袋
890,1002,新宿,2021-11-30 00:31:00,2021-11-30 22:41:00,22-11-小田原-快速,4.0,上野/新宿
891,2622,新宿,2021-11-30 00:32:00,2021-11-30 22:42:00,22-11-小田原-快速,4.5,上野/新宿
892,1003,渋谷,2021-11-30 00:36:00,2021-11-30 22:46:00,22-11-小田原-快速,5.0,東京/渋谷
893,2623,渋谷,2021-11-30 00:37:00,2021-11-30 22:47:00,22-11-小田原-快速,5.5,東京/渋谷
894,1004,恵比寿,2021-11-30 00:39:00,2021-11-30 22:49:00,22-11-小田原-快速,6.0,新橋/恵比寿
895,1005,大崎,2021-11-30 00:43:00,2021-11-30 22:53:00,22-11-小田原-快速,7.0,品川/大崎
896,2624,大崎,2021-11-30 00:46:00,2021-11-30 22:56:00,22-11-小田原-快速,7.5,品川/大崎
897,1006,武蔵小杉,2021-11-30 00:53:00,2021-11-30 23:03:00,22-11-小田原-快速,8.0,川崎/武蔵小杉
898,2625,武蔵小杉,2021-11-30 00:54:00,2021-11-30 23:04:00,22-11-小田原-快速,8.5,川崎/武蔵小杉
899,1007,横浜,2021-11-30 01:04:00,2021-11-30 23:14:00,22-11-小田原-快速,9.0,横浜
900,2626,横浜,2021-11-30 01:05:00,2021-11-30 23:15:00,22-11-小田原-快速,9.5,横浜
901,1008,戸塚,2021-11-30 01:15:00,2021-11-30 23:25:00,22-11-小田原-快速,10.0,戸塚
902,1009,大船,2021-11-30 01:20:00,2021-11-30 23:30:00,22-11-小田原-快速,11.0,大船
903,2627,大船,2021-11-30 01:21:00,2021-11-30 23:31:00,22-11-小田原-快速,11.5,大船
904,1010,藤沢,2021-11-30 01:25:00,2021-11-30 23:35:00,22-11-小田原-快速,12.0,藤沢
905,2628,藤沢,2021-11-30 01:26:00,2021-11-30 23:36:00,22-11-小田原-快速,12.5,藤沢
906,1011,辻堂,2021-11-30 01:29:00,2021-11-30 23:39:00,22-11-小田原-快速,13.0,辻堂
907,2629,辻堂,2021-11-30 01:30:00,2021-11-30 23:40:00,22-11-小田原-快速,13.5,辻堂
908,1012,茅ケ崎,2021-11-30 01:33:00,2021-11-30 23:43:00,22-11-小田原-快速,14.0,茅ケ崎
909,2630,茅ケ崎,2021-11-30 01:34:00,2021-11-30 23:44:00,22-11-小田原-快速,14.5,茅ケ崎
910,1013,平塚,2021-11-30 01:38:00,2021-11-30 23:48:00,22-11-小田原-快速,15.0,平塚
911,1014,大磯,2021-11-30 01:41:00,2021-11-30 23:51:00,22-11-小田原-快速,16.0,大磯
912,2631,大磯,2021-11-30 01:42:00,2021-11-30 23:52:00,22-11-小田原-快速,16.5,大磯
913,1015,二宮,2021-11-30 01:46:00,2021-11-30 23:56:00,22-11-小田原-快速,17.0,二宮
914,1016,国府津,2021-11-30 01:50:00,2021-12-01 00:00:00,22-11-小田原-快速,18.0,国府津
915,2632,国府津,2021-11-30 01:51:00,2021-12-01 00:01:00,22-11-小田原-快速,18.5,国府津
916,1017,鴨宮,2021-11-30 01:54:00,2021-12-01 00:04:00,22-11-小田原-快速,19.0,鴨宮
917,2633,鴨宮,2021-11-30 01:55:00,2021-12-01 00:05:00,22-11-小田原-快速,19.5,鴨宮
918,1018,小田原,2021-11-30 01:58:00,,22-11-小田原-快速,20.0,小田原
919,1670,大宮(埼玉),2021-11-30 00:00:00,2021-11-30 22:24:00,22-26-国府津-快速,0.0,大宮(埼玉)
920,1671,浦和,2021-11-30 00:07:00,2021-11-30 22:31:00,22-26-国府津-快速,1.0,浦和
921,2979,浦和,2021-11-30 00:08:00,2021-11-30 22:32:00,22-26-国府津-快速,1.5,浦和
922,1672,赤羽,2021-11-30 00:15:00,2021-11-30 22:39:00,22-26-国府津-快速,2.0,赤羽
923,2980,赤羽,2021-11-30 00:16:00,2021-11-30 22:40:00,22-26-国府津-快速,2.5,赤羽
924,1673,池袋,2021-11-30 00:27:00,2021-11-30 22:51:00,22-26-国府津-快速,3.0,尾久/池袋
925,2981,池袋,2021-11-30 00:28:00,2021-11-30 22:52:00,22-26-国府津-快速,3.5,尾久/池袋
926,1674,新宿,2021-11-30 00:33:00,2021-11-30 22:57:00,22-26-国府津-快速,4.0,上野/新宿
927,2982,新宿,2021-11-30 00:34:00,2021-11-30 22:58:00,22-26-国府津-快速,4.5,上野/新宿
928,1675,渋谷,2021-11-30 00:38:00,2021-11-30 23:02:00,22-26-国府津-快速,5.0,東京/渋谷
929,2983,渋谷,2021-11-30 00:39:00,2021-11-30 23:03:00,22-26-国府津-快速,5.5,東京/渋谷
930,1676,恵比寿,2021-11-30 00:41:00,2021-11-30 23:05:00,22-26-国府津-快速,6.0,新橋/恵比寿
931,2984,恵比寿,2021-11-30 00:42:00,2021-11-30 23:06:00,22-26-国府津-快速,6.5,新橋/恵比寿
932,1677,大崎,2021-11-30 00:45:00,2021-11-30 23:09:00,22-26-国府津-快速,7.0,品川/大崎
933,2985,大崎,2021-11-30 00:46:00,2021-11-30 23:10:00,22-26-国府津-快速,7.5,品川/大崎
934,1678,武蔵小杉,2021-11-30 00:54:00,2021-11-30 23:18:00,22-26-国府津-快速,8.0,川崎/武蔵小杉
935,1679,横浜,2021-11-30 01:05:00,2021-11-30 23:29:00,22-26-国府津-快速,9.0,横浜
936,2986,横浜,2021-11-30 01:07:00,2021-11-30 23:31:00,22-26-国府津-快速,9.5,横浜
937,1680,戸塚,2021-11-30 01:18:00,2021-11-30 23:42:00,22-26-国府津-快速,10.0,戸塚
938,2987,戸塚,2021-11-30 01:19:00,2021-11-30 23:43:00,22-26-国府津-快速,10.5,戸塚
939,1681,大船,2021-11-30 01:24:00,2021-11-30 23:48:00,22-26-国府津-快速,11.0,大船
940,2988,大船,2021-11-30 01:25:00,2021-11-30 23:49:00,22-26-国府津-快速,11.5,大船
941,1682,藤沢,2021-11-30 01:29:00,2021-11-30 23:53:00,22-26-国府津-快速,12.0,藤沢
942,1683,辻堂,2021-11-30 01:33:00,2021-11-30 23:57:00,22-26-国府津-快速,13.0,辻堂
943,1684,茅ケ崎,2021-11-30 01:37:00,2021-12-01 00:01:00,22-26-国府津-快速,14.0,茅ケ崎
944,1685,平塚,2021-11-30 01:42:00,2021-12-01 00:06:00,22-26-国府津-快速,15.0,平塚
945,1686,大磯,2021-11-30 01:46:00,2021-12-01 00:10:00,22-26-国府津-快速,16.0,大磯
946,1687,二宮,2021-11-30 01:50:00,2021-12-01 00:14:00,22-26-国府津-快速,17.0,二宮
947,2989,二宮,2021-11-30 01:51:00,2021-12-01 00:15:00,22-26-国府津-快速,17.5,二宮
948,1688,国府津,2021-11-30 01:56:00,,22-26-国府津-快速,18.0,国府津
