,Station,Arrive,Depart,Train,index,Station_sequence
1344,大宮(埼玉),2021-11-30 06:06:00,2021-11-30 06:06:00,06-07-平塚-快速,0.0,大宮(埼玉)
1345,浦和,2021-11-30 06:13:00,2021-11-30 06:13:00,06-07-平塚-快速,1.0,浦和
1346,赤羽,2021-11-30 06:21:00,2021-11-30 06:21:00,06-07-平塚-快速,2.0,赤羽
2806,赤羽,2021-11-30 06:22:00,2021-11-30 06:22:00,06-07-平塚-快速,2.5,赤羽
1347,池袋,2021-11-30 06:33:00,2021-11-30 06:33:00,06-07-平塚-快速,3.0,尾久/池袋
2807,池袋,2021-11-30 06:34:00,2021-11-30 06:34:00,06-07-平塚-快速,3.5,尾久/池袋
1348,新宿,2021-11-30 06:39:00,2021-11-30 06:39:00,06-07-平塚-快速,4.0,上野/新宿
2808,新宿,2021-11-30 06:40:00,2021-11-30 06:40:00,06-07-平塚-快速,4.5,上野/新宿
1349,渋谷,2021-11-30 06:44:00,2021-11-30 06:44:00,06-07-平塚-快速,5.0,東京/渋谷
2809,渋谷,2021-11-30 06:45:00,2021-11-30 06:45:00,06-07-平塚-快速,5.5,東京/渋谷
1350,恵比寿,2021-11-30 06:47:00,2021-11-30 06:47:00,06-07-平塚-快速,6.0,新橋/恵比寿
1351,大崎,2021-11-30 06:51:00,2021-11-30 06:51:00,06-07-平塚-快速,7.0,品川/大崎
2810,大崎,2021-11-30 06:52:00,2021-11-30 06:52:00,06-07-平塚-快速,7.5,品川/大崎
1352,武蔵小杉,2021-11-30 06:59:00,2021-11-30 06:59:00,06-07-平塚-快速,8.0,川崎/武蔵小杉
2811,武蔵小杉,2021-11-30 07:00:00,2021-11-30 07:00:00,06-07-平塚-快速,8.5,川崎/武蔵小杉
1353,横浜,2021-11-30 07:10:00,2021-11-30 07:10:00,06-07-平塚-快速,9.0,横浜
1354,戸塚,2021-11-30 07:20:00,2021-11-30 07:20:00,06-07-平塚-快速,10.0,戸塚
1355,大船,2021-11-30 07:25:00,2021-11-30 07:25:00,06-07-平塚-快速,11.0,大船
2812,大船,2021-11-30 07:26:00,2021-11-30 07:26:00,06-07-平塚-快速,11.5,大船
1356,藤沢,2021-11-30 07:30:00,2021-11-30 07:30:00,06-07-平塚-快速,12.0,藤沢
2813,藤沢,2021-11-30 07:31:00,2021-11-30 07:31:00,06-07-平塚-快速,12.5,藤沢
1357,辻堂,2021-11-30 07:34:00,2021-11-30 07:34:00,06-07-平塚-快速,13.0,辻堂
1358,茅ケ崎,2021-11-30 07:38:00,2021-11-30 07:38:00,06-07-平塚-快速,14.0,茅ケ崎
1359,平塚,2021-11-30 07:43:00,,06-07-平塚-快速,15.0,平塚
19,大宮(埼玉),2021-11-30 07:02:00,2021-11-30 07:02:00,07-03-平塚-快速,0.0,大宮(埼玉)
20,浦和,2021-11-30 07:08:00,2021-11-30 07:08:00,07-03-平塚-快速,1.0,浦和
2083,浦和,2021-11-30 07:09:00,2021-11-30 07:09:00,07-03-平塚-快速,1.5,浦和
21,赤羽,2021-11-30 07:17:00,2021-11-30 07:17:00,07-03-平塚-快速,2.0,赤羽
2084,赤羽,2021-11-30 07:18:00,2021-11-30 07:18:00,07-03-平塚-快速,2.5,赤羽
22,池袋,2021-11-30 07:29:00,2021-11-30 07:29:00,07-03-平塚-快速,3.0,尾久/池袋
2085,池袋,2021-11-30 07:30:00,2021-11-30 07:30:00,07-03-平塚-快速,3.5,尾久/池袋
23,新宿,2021-11-30 07:35:00,2021-11-30 07:35:00,07-03-平塚-快速,4.0,上野/新宿
2086,新宿,2021-11-30 07:36:00,2021-11-30 07:36:00,07-03-平塚-快速,4.5,上野/新宿
24,渋谷,2021-11-30 07:41:00,2021-11-30 07:41:00,07-03-平塚-快速,5.0,東京/渋谷
2087,渋谷,2021-11-30 07:42:00,2021-11-30 07:42:00,07-03-平塚-快速,5.5,東京/渋谷
25,恵比寿,2021-11-30 07:44:00,2021-11-30 07:44:00,07-03-平塚-快速,6.0,新橋/恵比寿
26,大崎,2021-11-30 07:48:00,2021-11-30 07:48:00,07-03-平塚-快速,7.0,品川/大崎
2088,大崎,2021-11-30 07:49:00,2021-11-30 07:49:00,07-03-平塚-快速,7.5,品川/大崎
27,武蔵小杉,2021-11-30 07:57:00,2021-11-30 07:57:00,07-03-平塚-快速,8.0,川崎/武蔵小杉
28,横浜,2021-11-30 08:09:00,2021-11-30 08:09:00,07-03-平塚-快速,9.0,横浜
2089,横浜,2021-11-30 08:10:00,2021-11-30 08:10:00,07-03-平塚-快速,9.5,横浜
29,戸塚,2021-11-30 08:21:00,2021-11-30 08:21:00,07-03-平塚-快速,10.0,戸塚
2090,戸塚,2021-11-30 08:22:00,2021-11-30 08:22:00,07-03-平塚-快速,10.5,戸塚
30,大船,2021-11-30 08:28:00,2021-11-30 08:28:00,07-03-平塚-快速,11.0,大船
2091,大船,2021-11-30 08:31:00,2021-11-30 08:31:00,07-03-平塚-快速,11.5,大船
31,藤沢,2021-11-30 08:36:00,2021-11-30 08:36:00,07-03-平塚-快速,12.0,藤沢
32,辻堂,2021-11-30 08:39:00,2021-11-30 08:39:00,07-03-平塚-快速,13.0,辻堂
2092,辻堂,2021-11-30 08:40:00,2021-11-30 08:40:00,07-03-平塚-快速,13.5,辻堂
33,茅ケ崎,2021-11-30 08:43:00,2021-11-30 08:43:00,07-03-平塚-快速,14.0,茅ケ崎
2093,茅ケ崎,2021-11-30 08:44:00,2021-11-30 08:44:00,07-03-平塚-快速,14.5,茅ケ崎
34,平塚,2021-11-30 08:49:00,,07-03-平塚-快速,15.0,平塚
102,大宮(埼玉),2021-11-30 07:19:00,2021-11-30 07:19:00,07-21-小田原-快速,0.0,大宮(埼玉)
103,浦和,2021-11-30 07:27:00,2021-11-30 07:27:00,07-21-小田原-快速,1.0,浦和
104,赤羽,2021-11-30 07:36:00,2021-11-30 07:36:00,07-21-小田原-快速,2.0,赤羽
2126,赤羽,2021-11-30 07:37:00,2021-11-30 07:37:00,07-21-小田原-快速,2.5,赤羽
105,池袋,2021-11-30 07:48:00,2021-11-30 07:48:00,07-21-小田原-快速,3.0,尾久/池袋
2127,池袋,2021-11-30 07:49:00,2021-11-30 07:49:00,07-21-小田原-快速,3.5,尾久/池袋
106,新宿,2021-11-30 07:54:00,2021-11-30 07:54:00,07-21-小田原-快速,4.0,上野/新宿
2128,新宿,2021-11-30 07:55:00,2021-11-30 07:55:00,07-21-小田原-快速,4.5,上野/新宿
107,渋谷,2021-11-30 07:59:00,2021-11-30 07:59:00,07-21-小田原-快速,5.0,東京/渋谷
2129,渋谷,2021-11-30 08:00:00,2021-11-30 08:00:00,07-21-小田原-快速,5.5,東京/渋谷
108,恵比寿,2021-11-30 08:02:00,2021-11-30 08:02:00,07-21-小田原-快速,6.0,新橋/恵比寿
109,大崎,2021-11-30 08:06:00,2021-11-30 08:06:00,07-21-小田原-快速,7.0,品川/大崎
2130,大崎,2021-11-30 08:09:00,2021-11-30 08:09:00,07-21-小田原-快速,7.5,品川/大崎
110,武蔵小杉,2021-11-30 08:17:00,2021-11-30 08:17:00,07-21-小田原-快速,8.0,川崎/武蔵小杉
2131,武蔵小杉,2021-11-30 08:18:00,2021-11-30 08:18:00,07-21-小田原-快速,8.5,川崎/武蔵小杉
111,横浜,2021-11-30 08:29:00,2021-11-30 08:29:00,07-21-小田原-快速,9.0,横浜
2132,横浜,2021-11-30 08:30:00,2021-11-30 08:30:00,07-21-小田原-快速,9.5,横浜
112,戸塚,2021-11-30 08:42:00,2021-11-30 08:42:00,07-21-小田原-快速,10.0,戸塚
113,大船,2021-11-30 08:47:00,2021-11-30 08:47:00,07-21-小田原-快速,11.0,大船
2133,大船,2021-11-30 08:48:00,2021-11-30 08:48:00,07-21-小田原-快速,11.5,大船
114,藤沢,2021-11-30 08:52:00,2021-11-30 08:52:00,07-21-小田原-快速,12.0,藤沢
2134,藤沢,2021-11-30 08:53:00,2021-11-30 08:53:00,07-21-小田原-快速,12.5,藤沢
115,辻堂,2021-11-30 08:56:00,2021-11-30 08:56:00,07-21-小田原-快速,13.0,辻堂
116,茅ケ崎,2021-11-30 08:59:00,2021-11-30 08:59:00,07-21-小田原-快速,14.0,茅ケ崎
2135,茅ケ崎,2021-11-30 09:00:00,2021-11-30 09:00:00,07-21-小田原-快速,14.5,茅ケ崎
117,平塚,2021-11-30 09:04:00,2021-11-30 09:04:00,07-21-小田原-快速,15.0,平塚
2136,平塚,2021-11-30 09:05:00,2021-11-30 09:05:00,07-21-小田原-快速,15.5,平塚
118,大磯,2021-11-30 09:08:00,2021-11-30 09:08:00,07-21-小田原-快速,16.0,大磯
119,二宮,2021-11-30 09:13:00,2021-11-30 09:13:00,07-21-小田原-快速,17.0,二宮
120,国府津,2021-11-30 09:17:00,2021-11-30 09:17:00,07-21-小田原-快速,18.0,国府津
2137,国府津,2021-11-30 09:18:00,2021-11-30 09:18:00,07-21-小田原-快速,18.5,国府津
121,鴨宮,2021-11-30 09:21:00,2021-11-30 09:21:00,07-21-小田原-快速,19.0,鴨宮
2138,鴨宮,2021-11-30 09:22:00,2021-11-30 09:22:00,07-21-小田原-快速,19.5,鴨宮
122,小田原,2021-11-30 09:26:00,,07-21-小田原-快速,20.0,小田原
1530,大宮(埼玉),2021-11-30 07:38:00,2021-11-30 07:38:00,07-39-国府津-快速,0.0,大宮(埼玉)
1531,浦和,2021-11-30 07:44:00,2021-11-30 07:44:00,07-39-国府津-快速,1.0,浦和
2903,浦和,2021-11-30 07:45:00,2021-11-30 07:45:00,07-39-国府津-快速,1.5,浦和
1532,赤羽,2021-11-30 07:53:00,2021-11-30 07:53:00,07-39-国府津-快速,2.0,赤羽
2904,赤羽,2021-11-30 07:54:00,2021-11-30 07:54:00,07-39-国府津-快速,2.5,赤羽
1533,池袋,2021-11-30 08:05:00,2021-11-30 08:05:00,07-39-国府津-快速,3.0,尾久/池袋
2905,池袋,2021-11-30 08:06:00,2021-11-30 08:06:00,07-39-国府津-快速,3.5,尾久/池袋
1534,新宿,2021-11-30 08:11:00,2021-11-30 08:11:00,07-39-国府津-快速,4.0,上野/新宿
2906,新宿,2021-11-30 08:12:00,2021-11-30 08:12:00,07-39-国府津-快速,4.5,上野/新宿
1535,渋谷,2021-11-30 08:17:00,2021-11-30 08:17:00,07-39-国府津-快速,5.0,東京/渋谷
1536,恵比寿,2021-11-30 08:19:00,2021-11-30 08:19:00,07-39-国府津-快速,6.0,新橋/恵比寿
2907,恵比寿,2021-11-30 08:20:00,2021-11-30 08:20:00,07-39-国府津-快速,6.5,新橋/恵比寿
1537,大崎,2021-11-30 08:24:00,2021-11-30 08:24:00,07-39-国府津-快速,7.0,品川/大崎
1538,武蔵小杉,2021-11-30 08:34:00,2021-11-30 08:34:00,07-39-国府津-快速,8.0,川崎/武蔵小杉
2908,武蔵小杉,2021-11-30 08:35:00,2021-11-30 08:35:00,07-39-国府津-快速,8.5,川崎/武蔵小杉
1539,横浜,2021-11-30 08:46:00,2021-11-30 08:46:00,07-39-国府津-快速,9.0,横浜
2909,横浜,2021-11-30 08:47:00,2021-11-30 08:47:00,07-39-国府津-快速,9.5,横浜
1540,戸塚,2021-11-30 08:58:00,2021-11-30 08:58:00,07-39-国府津-快速,10.0,戸塚
2910,戸塚,2021-11-30 08:59:00,2021-11-30 08:59:00,07-39-国府津-快速,10.5,戸塚
1541,大船,2021-11-30 09:03:00,2021-11-30 09:03:00,07-39-国府津-快速,11.0,大船
2911,大船,2021-11-30 09:04:00,2021-11-30 09:04:00,07-39-国府津-快速,11.5,大船
1542,藤沢,2021-11-30 09:08:00,2021-11-30 09:08:00,07-39-国府津-快速,12.0,藤沢
1543,辻堂,2021-11-30 09:11:00,2021-11-30 09:11:00,07-39-国府津-快速,13.0,辻堂
2912,辻堂,2021-11-30 09:12:00,2021-11-30 09:12:00,07-39-国府津-快速,13.5,辻堂
1544,茅ケ崎,2021-11-30 09:15:00,2021-11-30 09:15:00,07-39-国府津-快速,14.0,茅ケ崎
1545,平塚,2021-11-30 09:19:00,2021-11-30 09:19:00,07-39-国府津-快速,15.0,平塚
2913,平塚,2021-11-30 09:20:00,2021-11-30 09:20:00,07-39-国府津-快速,15.5,平塚
1546,大磯,2021-11-30 09:23:00,2021-11-30 09:23:00,07-39-国府津-快速,16.0,大磯
1547,二宮,2021-11-30 09:27:00,2021-11-30 09:27:00,07-39-国府津-快速,17.0,二宮
2914,二宮,2021-11-30 09:28:00,2021-11-30 09:28:00,07-39-国府津-快速,17.5,二宮
1548,国府津,2021-11-30 09:32:00,,07-39-国府津-快速,18.0,国府津
171,大宮(埼玉),2021-11-30 07:50:00,2021-11-30 07:50:00,07-52-平塚-快速,0.0,大宮(埼玉)
172,浦和,2021-11-30 07:58:00,2021-11-30 07:58:00,07-52-平塚-快速,1.0,浦和
2170,浦和,2021-11-30 07:59:00,2021-11-30 07:59:00,07-52-平塚-快速,1.5,浦和
173,赤羽,2021-11-30 08:08:00,2021-11-30 08:08:00,07-52-平塚-快速,2.0,赤羽
174,池袋,2021-11-30 08:19:00,2021-11-30 08:19:00,07-52-平塚-快速,3.0,尾久/池袋
2171,池袋,2021-11-30 08:20:00,2021-11-30 08:20:00,07-52-平塚-快速,3.5,尾久/池袋
175,新宿,2021-11-30 08:25:00,2021-11-30 08:25:00,07-52-平塚-快速,4.0,上野/新宿
2172,新宿,2021-11-30 08:26:00,2021-11-30 08:26:00,07-52-平塚-快速,4.5,上野/新宿
176,渋谷,2021-11-30 08:31:00,2021-11-30 08:31:00,07-52-平塚-快速,5.0,東京/渋谷
177,恵比寿,2021-11-30 08:33:00,2021-11-30 08:33:00,07-52-平塚-快速,6.0,新橋/恵比寿
2173,恵比寿,2021-11-30 08:34:00,2021-11-30 08:34:00,07-52-平塚-快速,6.5,新橋/恵比寿
178,大崎,2021-11-30 08:38:00,2021-11-30 08:38:00,07-52-平塚-快速,7.0,品川/大崎
179,武蔵小杉,2021-11-30 08:48:00,2021-11-30 08:48:00,07-52-平塚-快速,8.0,川崎/武蔵小杉
180,横浜,2021-11-30 09:00:00,2021-11-30 09:00:00,07-52-平塚-快速,9.0,横浜
2174,横浜,2021-11-30 09:01:00,2021-11-30 09:01:00,07-52-平塚-快速,9.5,横浜
181,戸塚,2021-11-30 09:13:00,2021-11-30 09:13:00,07-52-平塚-快速,10.0,戸塚
182,大船,2021-11-30 09:18:00,2021-11-30 09:18:00,07-52-平塚-快速,11.0,大船
2175,大船,2021-11-30 09:19:00,2021-11-30 09:19:00,07-52-平塚-快速,11.5,大船
183,藤沢,2021-11-30 09:23:00,2021-11-30 09:23:00,07-52-平塚-快速,12.0,藤沢
184,辻堂,2021-11-30 09:26:00,2021-11-30 09:26:00,07-52-平塚-快速,13.0,辻堂
2176,辻堂,2021-11-30 09:27:00,2021-11-30 09:27:00,07-52-平塚-快速,13.5,辻堂
185,茅ケ崎,2021-11-30 09:30:00,2021-11-30 09:30:00,07-52-平塚-快速,14.0,茅ケ崎
186,平塚,2021-11-30 09:35:00,,07-52-平塚-快速,15.0,平塚
1167,大宮(埼玉),2021-11-30 08:02:00,2021-11-30 08:02:00,08-05-小田原-快速,0.0,大宮(埼玉)
1168,浦和,2021-11-30 08:12:00,2021-11-30 08:12:00,08-05-小田原-快速,1.0,浦和
2710,浦和,2021-11-30 08:13:00,2021-11-30 08:13:00,08-05-小田原-快速,1.5,浦和
1169,赤羽,2021-11-30 08:22:00,2021-11-30 08:22:00,08-05-小田原-快速,2.0,赤羽
1170,池袋,2021-11-30 08:33:00,2021-11-30 08:33:00,08-05-小田原-快速,3.0,尾久/池袋
2711,池袋,2021-11-30 08:34:00,2021-11-30 08:34:00,08-05-小田原-快速,3.5,尾久/池袋
1171,新宿,2021-11-30 08:39:00,2021-11-30 08:39:00,08-05-小田原-快速,4.0,上野/新宿
2712,新宿,2021-11-30 08:40:00,2021-11-30 08:40:00,08-05-小田原-快速,4.5,上野/新宿
1172,渋谷,2021-11-30 08:45:00,2021-11-30 08:45:00,08-05-小田原-快速,5.0,東京/渋谷
1173,恵比寿,2021-11-30 08:47:00,2021-11-30 08:47:00,08-05-小田原-快速,6.0,新橋/恵比寿
2713,恵比寿,2021-11-30 08:48:00,2021-11-30 08:48:00,08-05-小田原-快速,6.5,新橋/恵比寿
1174,大崎,2021-11-30 08:52:00,2021-11-30 08:52:00,08-05-小田原-快速,7.0,品川/大崎
1175,武蔵小杉,2021-11-30 09:01:00,2021-11-30 09:01:00,08-05-小田原-快速,8.0,川崎/武蔵小杉
2714,武蔵小杉,2021-11-30 09:02:00,2021-11-30 09:02:00,08-05-小田原-快速,8.5,川崎/武蔵小杉
1176,横浜,2021-11-30 09:13:00,2021-11-30 09:13:00,08-05-小田原-快速,9.0,横浜
2715,横浜,2021-11-30 09:14:00,2021-11-30 09:14:00,08-05-小田原-快速,9.5,横浜
1177,戸塚,2021-11-30 09:25:00,2021-11-30 09:25:00,08-05-小田原-快速,10.0,戸塚
2716,戸塚,2021-11-30 09:26:00,2021-11-30 09:26:00,08-05-小田原-快速,10.5,戸塚
1178,大船,2021-11-30 09:30:00,2021-11-30 09:30:00,08-05-小田原-快速,11.0,大船
2717,大船,2021-11-30 09:31:00,2021-11-30 09:31:00,08-05-小田原-快速,11.5,大船
1179,藤沢,2021-11-30 09:35:00,2021-11-30 09:35:00,08-05-小田原-快速,12.0,藤沢
1180,辻堂,2021-11-30 09:38:00,2021-11-30 09:38:00,08-05-小田原-快速,13.0,辻堂
2718,辻堂,2021-11-30 09:39:00,2021-11-30 09:39:00,08-05-小田原-快速,13.5,辻堂
1181,茅ケ崎,2021-11-30 09:42:00,2021-11-30 09:42:00,08-05-小田原-快速,14.0,茅ケ崎
1182,平塚,2021-11-30 09:47:00,2021-11-30 09:47:00,08-05-小田原-快速,15.0,平塚
2719,平塚,2021-11-30 09:51:00,2021-11-30 09:51:00,08-05-小田原-快速,15.5,平塚
1183,大磯,2021-11-30 09:55:00,2021-11-30 09:55:00,08-05-小田原-快速,16.0,大磯
1184,二宮,2021-11-30 09:59:00,2021-11-30 09:59:00,08-05-小田原-快速,17.0,二宮
2720,二宮,2021-11-30 10:00:00,2021-11-30 10:00:00,08-05-小田原-快速,17.5,二宮
1185,国府津,2021-11-30 10:03:00,2021-11-30 10:03:00,08-05-小田原-快速,18.0,国府津
2721,国府津,2021-11-30 10:04:00,2021-11-30 10:04:00,08-05-小田原-快速,18.5,国府津
1186,鴨宮,2021-11-30 10:07:00,2021-11-30 10:07:00,08-05-小田原-快速,19.0,鴨宮
2722,鴨宮,2021-11-30 10:08:00,2021-11-30 10:08:00,08-05-小田原-快速,19.5,鴨宮
1187,小田原,2021-11-30 10:11:00,,08-05-小田原-快速,20.0,小田原
826,大宮(埼玉),2021-11-30 08:25:00,2021-11-30 08:25:00,08-26-国府津-快速,0.0,大宮(埼玉)
827,浦和,2021-11-30 08:34:00,2021-11-30 08:34:00,08-26-国府津-快速,1.0,浦和
828,赤羽,2021-11-30 08:44:00,2021-11-30 08:44:00,08-26-国府津-快速,2.0,赤羽
829,池袋,2021-11-30 08:55:00,2021-11-30 08:55:00,08-26-国府津-快速,3.0,尾久/池袋
2520,池袋,2021-11-30 08:57:00,2021-11-30 08:57:00,08-26-国府津-快速,3.5,尾久/池袋
830,新宿,2021-11-30 09:02:00,2021-11-30 09:02:00,08-26-国府津-快速,4.0,上野/新宿
2521,新宿,2021-11-30 09:03:00,2021-11-30 09:03:00,08-26-国府津-快速,4.5,上野/新宿
831,渋谷,2021-11-30 09:08:00,2021-11-30 09:08:00,08-26-国府津-快速,5.0,東京/渋谷
2522,渋谷,2021-11-30 09:09:00,2021-11-30 09:09:00,08-26-国府津-快速,5.5,東京/渋谷
832,恵比寿,2021-11-30 09:11:00,2021-11-30 09:11:00,08-26-国府津-快速,6.0,新橋/恵比寿
2523,恵比寿,2021-11-30 09:12:00,2021-11-30 09:12:00,08-26-国府津-快速,6.5,新橋/恵比寿
833,大崎,2021-11-30 09:15:00,2021-11-30 09:15:00,08-26-国府津-快速,7.0,品川/大崎
2524,大崎,2021-11-30 09:16:00,2021-11-30 09:16:00,08-26-国府津-快速,7.5,品川/大崎
834,武蔵小杉,2021-11-30 09:26:00,2021-11-30 09:26:00,08-26-国府津-快速,8.0,川崎/武蔵小杉
835,横浜,2021-11-30 09:38:00,2021-11-30 09:38:00,08-26-国府津-快速,9.0,横浜
836,戸塚,2021-11-30 09:49:00,2021-11-30 09:49:00,08-26-国府津-快速,10.0,戸塚
2525,戸塚,2021-11-30 09:50:00,2021-11-30 09:50:00,08-26-国府津-快速,10.5,戸塚
837,大船,2021-11-30 09:55:00,2021-11-30 09:55:00,08-26-国府津-快速,11.0,大船
838,藤沢,2021-11-30 09:59:00,2021-11-30 09:59:00,08-26-国府津-快速,12.0,藤沢
2526,藤沢,2021-11-30 10:00:00,2021-11-30 10:00:00,08-26-国府津-快速,12.5,藤沢
839,辻堂,2021-11-30 10:03:00,2021-11-30 10:03:00,08-26-国府津-快速,13.0,辻堂
840,茅ケ崎,2021-11-30 10:06:00,2021-11-30 10:06:00,08-26-国府津-快速,14.0,茅ケ崎
2527,茅ケ崎,2021-11-30 10:07:00,2021-11-30 10:07:00,08-26-国府津-快速,14.5,茅ケ崎
841,平塚,2021-11-30 10:11:00,2021-11-30 10:11:00,08-26-国府津-快速,15.0,平塚
842,大磯,2021-11-30 10:14:00,2021-11-30 10:14:00,08-26-国府津-快速,16.0,大磯
2528,大磯,2021-11-30 10:15:00,2021-11-30 10:15:00,08-26-国府津-快速,16.5,大磯
843,二宮,2021-11-30 10:19:00,2021-11-30 10:19:00,08-26-国府津-快速,17.0,二宮
844,国府津,2021-11-30 10:23:00,,08-26-国府津-快速,18.0,国府津
628,大宮(埼玉),2021-11-30 08:56:00,2021-11-30 08:56:00,08-57-国府津-快速,0.0,大宮(埼玉)
629,浦和,2021-11-30 09:03:00,2021-11-30 09:03:00,08-57-国府津-快速,1.0,浦和
2417,浦和,2021-11-30 09:04:00,2021-11-30 09:04:00,08-57-国府津-快速,1.5,浦和
630,赤羽,2021-11-30 09:13:00,2021-11-30 09:13:00,08-57-国府津-快速,2.0,赤羽
631,池袋,2021-11-30 09:23:00,2021-11-30 09:23:00,08-57-国府津-快速,3.0,尾久/池袋
2418,池袋,2021-11-30 09:24:00,2021-11-30 09:24:00,08-57-国府津-快速,3.5,尾久/池袋
632,新宿,2021-11-30 09:29:00,2021-11-30 09:29:00,08-57-国府津-快速,4.0,上野/新宿
2419,新宿,2021-11-30 09:30:00,2021-11-30 09:30:00,08-57-国府津-快速,4.5,上野/新宿
633,渋谷,2021-11-30 09:35:00,2021-11-30 09:35:00,08-57-国府津-快速,5.0,東京/渋谷
2420,渋谷,2021-11-30 09:36:00,2021-11-30 09:36:00,08-57-国府津-快速,5.5,東京/渋谷
634,恵比寿,2021-11-30 09:38:00,2021-11-30 09:38:00,08-57-国府津-快速,6.0,新橋/恵比寿
635,大崎,2021-11-30 09:42:00,2021-11-30 09:42:00,08-57-国府津-快速,7.0,品川/大崎
636,武蔵小杉,2021-11-30 09:54:00,2021-11-30 09:54:00,08-57-国府津-快速,8.0,川崎/武蔵小杉
637,横浜,2021-11-30 10:05:00,2021-11-30 10:05:00,08-57-国府津-快速,9.0,横浜
638,戸塚,2021-11-30 10:15:00,2021-11-30 10:15:00,08-57-国府津-快速,10.0,戸塚
2421,戸塚,2021-11-30 10:16:00,2021-11-30 10:16:00,08-57-国府津-快速,10.5,戸塚
639,大船,2021-11-30 10:21:00,2021-11-30 10:21:00,08-57-国府津-快速,11.0,大船
2422,大船,2021-11-30 10:22:00,2021-11-30 10:22:00,08-57-国府津-快速,11.5,大船
640,藤沢,2021-11-30 10:26:00,2021-11-30 10:26:00,08-57-国府津-快速,12.0,藤沢
641,辻堂,2021-11-30 10:29:00,2021-11-30 10:29:00,08-57-国府津-快速,13.0,辻堂
2423,辻堂,2021-11-30 10:30:00,2021-11-30 10:30:00,08-57-国府津-快速,13.5,辻堂
642,茅ケ崎,2021-11-30 10:33:00,2021-11-30 10:33:00,08-57-国府津-快速,14.0,茅ケ崎
643,平塚,2021-11-30 10:38:00,2021-11-30 10:38:00,08-57-国府津-快速,15.0,平塚
2424,平塚,2021-11-30 10:39:00,2021-11-30 10:39:00,08-57-国府津-快速,15.5,平塚
644,大磯,2021-11-30 10:42:00,2021-11-30 10:42:00,08-57-国府津-快速,16.0,大磯
645,二宮,2021-11-30 10:46:00,2021-11-30 10:46:00,08-57-国府津-快速,17.0,二宮
2425,二宮,2021-11-30 10:47:00,2021-11-30 10:47:00,08-57-国府津-快速,17.5,二宮
646,国府津,2021-11-30 10:52:00,,08-57-国府津-快速,18.0,国府津
1425,大宮(埼玉),2021-11-30 09:23:00,2021-11-30 09:23:00,09-24-小田原-快速,0.0,大宮(埼玉)
1426,浦和,2021-11-30 09:30:00,2021-11-30 09:30:00,09-24-小田原-快速,1.0,浦和
2849,浦和,2021-11-30 09:31:00,2021-11-30 09:31:00,09-24-小田原-快速,1.5,浦和
1427,赤羽,2021-11-30 09:39:00,2021-11-30 09:39:00,09-24-小田原-快速,2.0,赤羽
2850,赤羽,2021-11-30 09:40:00,2021-11-30 09:40:00,09-24-小田原-快速,2.5,赤羽
1428,池袋,2021-11-30 09:52:00,2021-11-30 09:52:00,09-24-小田原-快速,3.0,尾久/池袋
2851,池袋,2021-11-30 09:53:00,2021-11-30 09:53:00,09-24-小田原-快速,3.5,尾久/池袋
1429,新宿,2021-11-30 09:58:00,2021-11-30 09:58:00,09-24-小田原-快速,4.0,上野/新宿
2852,新宿,2021-11-30 10:00:00,2021-11-30 10:00:00,09-24-小田原-快速,4.5,上野/新宿
1430,渋谷,2021-11-30 10:04:00,2021-11-30 10:04:00,09-24-小田原-快速,5.0,東京/渋谷
2853,渋谷,2021-11-30 10:05:00,2021-11-30 10:05:00,09-24-小田原-快速,5.5,東京/渋谷
1431,恵比寿,2021-11-30 10:07:00,2021-11-30 10:07:00,09-24-小田原-快速,6.0,新橋/恵比寿
2854,恵比寿,2021-11-30 10:08:00,2021-11-30 10:08:00,09-24-小田原-快速,6.5,新橋/恵比寿
1432,大崎,2021-11-30 10:12:00,2021-11-30 10:12:00,09-24-小田原-快速,7.0,品川/大崎
1433,武蔵小杉,2021-11-30 10:20:00,2021-11-30 10:20:00,09-24-小田原-快速,8.0,川崎/武蔵小杉
2855,武蔵小杉,2021-11-30 10:21:00,2021-11-30 10:21:00,09-24-小田原-快速,8.5,川崎/武蔵小杉
1434,横浜,2021-11-30 10:31:00,2021-11-30 10:31:00,09-24-小田原-快速,9.0,横浜
1435,戸塚,2021-11-30 10:41:00,2021-11-30 10:41:00,09-24-小田原-快速,10.0,戸塚
1436,大船,2021-11-30 10:46:00,2021-11-30 10:46:00,09-24-小田原-快速,11.0,大船
2856,大船,2021-11-30 10:47:00,2021-11-30 10:47:00,09-24-小田原-快速,11.5,大船
1437,藤沢,2021-11-30 10:51:00,2021-11-30 10:51:00,09-24-小田原-快速,12.0,藤沢
1438,辻堂,2021-11-30 10:54:00,2021-11-30 10:54:00,09-24-小田原-快速,13.0,辻堂
2857,辻堂,2021-11-30 10:55:00,2021-11-30 10:55:00,09-24-小田原-快速,13.5,辻堂
1439,茅ケ崎,2021-11-30 10:58:00,2021-11-30 10:58:00,09-24-小田原-快速,14.0,茅ケ崎
1440,平塚,2021-11-30 11:02:00,2021-11-30 11:02:00,09-24-小田原-快速,15.0,平塚
2858,平塚,2021-11-30 11:03:00,2021-11-30 11:03:00,09-24-小田原-快速,15.5,平塚
1441,大磯,2021-11-30 11:06:00,2021-11-30 11:06:00,09-24-小田原-快速,16.0,大磯
1442,二宮,2021-11-30 11:10:00,2021-11-30 11:10:00,09-24-小田原-快速,17.0,二宮
2859,二宮,2021-11-30 11:11:00,2021-11-30 11:11:00,09-24-小田原-快速,17.5,二宮
1443,国府津,2021-11-30 11:14:00,2021-11-30 11:14:00,09-24-小田原-快速,18.0,国府津
2860,国府津,2021-11-30 11:15:00,2021-11-30 11:15:00,09-24-小田原-快速,18.5,国府津
1444,鴨宮,2021-11-30 11:19:00,2021-11-30 11:19:00,09-24-小田原-快速,19.0,鴨宮
1445,小田原,2021-11-30 11:23:00,,09-24-小田原-快速,20.0,小田原
1283,大宮(埼玉),2021-11-30 09:56:00,2021-11-30 09:56:00,09-57-平塚-快速,0.0,大宮(埼玉)
1284,浦和,2021-11-30 10:02:00,2021-11-30 10:02:00,09-57-平塚-快速,1.0,浦和
2775,浦和,2021-11-30 10:03:00,2021-11-30 10:03:00,09-57-平塚-快速,1.5,浦和
1285,赤羽,2021-11-30 10:11:00,2021-11-30 10:11:00,09-57-平塚-快速,2.0,赤羽
1286,池袋,2021-11-30 10:23:00,2021-11-30 10:23:00,09-57-平塚-快速,3.0,尾久/池袋
2776,池袋,2021-11-30 10:24:00,2021-11-30 10:24:00,09-57-平塚-快速,3.5,尾久/池袋
1287,新宿,2021-11-30 10:29:00,2021-11-30 10:29:00,09-57-平塚-快速,4.0,上野/新宿
2777,新宿,2021-11-30 10:30:00,2021-11-30 10:30:00,09-57-平塚-快速,4.5,上野/新宿
1288,渋谷,2021-11-30 10:35:00,2021-11-30 10:35:00,09-57-平塚-快速,5.0,東京/渋谷
1289,恵比寿,2021-11-30 10:37:00,2021-11-30 10:37:00,09-57-平塚-快速,6.0,新橋/恵比寿
2778,恵比寿,2021-11-30 10:38:00,2021-11-30 10:38:00,09-57-平塚-快速,6.5,新橋/恵比寿
1290,大崎,2021-11-30 10:41:00,2021-11-30 10:41:00,09-57-平塚-快速,7.0,品川/大崎
2779,大崎,2021-11-30 10:42:00,2021-11-30 10:42:00,09-57-平塚-快速,7.5,品川/大崎
1291,武蔵小杉,2021-11-30 10:50:00,2021-11-30 10:50:00,09-57-平塚-快速,8.0,川崎/武蔵小杉
1292,横浜,2021-11-30 11:00:00,2021-11-30 11:00:00,09-57-平塚-快速,9.0,横浜
2780,横浜,2021-11-30 11:01:00,2021-11-30 11:01:00,09-57-平塚-快速,9.5,横浜
1293,戸塚,2021-11-30 11:11:00,2021-11-30 11:11:00,09-57-平塚-快速,10.0,戸塚
2781,戸塚,2021-11-30 11:12:00,2021-11-30 11:12:00,09-57-平塚-快速,10.5,戸塚
1294,大船,2021-11-30 11:17:00,2021-11-30 11:17:00,09-57-平塚-快速,11.0,大船
1295,藤沢,2021-11-30 11:21:00,2021-11-30 11:21:00,09-57-平塚-快速,12.0,藤沢
2782,藤沢,2021-11-30 11:22:00,2021-11-30 11:22:00,09-57-平塚-快速,12.5,藤沢
1296,辻堂,2021-11-30 11:25:00,2021-11-30 11:25:00,09-57-平塚-快速,13.0,辻堂
1297,茅ケ崎,2021-11-30 11:28:00,2021-11-30 11:28:00,09-57-平塚-快速,14.0,茅ケ崎
2783,茅ケ崎,2021-11-30 11:29:00,2021-11-30 11:29:00,09-57-平塚-快速,14.5,茅ケ崎
1298,平塚,2021-11-30 11:33:00,,09-57-平塚-快速,15.0,平塚
1085,大宮(埼玉),2021-11-30 10:27:00,2021-11-30 10:27:00,10-28-小田原-特別快速,0.0,大宮(埼玉)
1086,浦和,2021-11-30 10:33:00,2021-11-30 10:33:00,10-28-小田原-特別快速,1.0,浦和
2664,浦和,2021-11-30 10:34:00,2021-11-30 10:34:00,10-28-小田原-特別快速,1.5,浦和
1087,赤羽,2021-11-30 10:42:00,2021-11-30 10:42:00,10-28-小田原-特別快速,2.0,赤羽
1088,池袋,2021-11-30 10:53:00,2021-11-30 10:53:00,10-28-小田原-特別快速,3.0,尾久/池袋
1089,新宿,2021-11-30 10:58:00,2021-11-30 10:58:00,10-28-小田原-特別快速,4.0,上野/新宿
2665,新宿,2021-11-30 11:00:00,2021-11-30 11:00:00,10-28-小田原-特別快速,4.5,上野/新宿
1090,渋谷,2021-11-30 11:04:00,2021-11-30 11:04:00,10-28-小田原-特別快速,5.0,東京/渋谷
2666,渋谷,2021-11-30 11:05:00,2021-11-30 11:05:00,10-28-小田原-特別快速,5.5,東京/渋谷
1091,大崎,2021-11-30 11:10:00,2021-11-30 11:10:00,10-28-小田原-特別快速,6.0,品川/大崎
2667,大崎,2021-11-30 11:11:00,2021-11-30 11:11:00,10-28-小田原-特別快速,6.5,品川/大崎
1092,武蔵小杉,2021-11-30 11:18:00,2021-11-30 11:18:00,10-28-小田原-特別快速,7.0,川崎/武蔵小杉
2668,武蔵小杉,2021-11-30 11:19:00,2021-11-30 11:19:00,10-28-小田原-特別快速,7.5,川崎/武蔵小杉
1093,横浜,2021-11-30 11:29:00,2021-11-30 11:29:00,10-28-小田原-特別快速,8.0,横浜
2669,横浜,2021-11-30 11:30:00,2021-11-30 11:30:00,10-28-小田原-特別快速,8.5,横浜
1094,戸塚,2021-11-30 11:39:00,2021-11-30 11:39:00,10-28-小田原-特別快速,9.0,戸塚
2670,戸塚,2021-11-30 11:40:00,2021-11-30 11:40:00,10-28-小田原-特別快速,9.5,戸塚
1095,大船,2021-11-30 11:44:00,2021-11-30 11:44:00,10-28-小田原-特別快速,10.0,大船
2671,大船,2021-11-30 11:45:00,2021-11-30 11:45:00,10-28-小田原-特別快速,10.5,大船
1096,藤沢,2021-11-30 11:49:00,2021-11-30 11:49:00,10-28-小田原-特別快速,11.0,藤沢
1097,茅ケ崎,2021-11-30 11:55:00,2021-11-30 11:55:00,10-28-小田原-特別快速,12.0,茅ケ崎
2672,茅ケ崎,2021-11-30 11:56:00,2021-11-30 11:56:00,10-28-小田原-特別快速,12.5,茅ケ崎
1098,平塚,2021-11-30 12:00:00,2021-11-30 12:00:00,10-28-小田原-特別快速,13.0,平塚
1099,国府津,2021-11-30 12:09:00,2021-11-30 12:09:00,10-28-小田原-特別快速,14.0,国府津
2673,国府津,2021-11-30 12:10:00,2021-11-30 12:10:00,10-28-小田原-特別快速,14.5,国府津
1100,小田原,2021-11-30 12:15:00,,10-28-小田原-特別快速,15.0,小田原
1019,大宮(埼玉),2021-11-30 10:56:00,2021-11-30 10:56:00,10-57-平塚-快速,0.0,大宮(埼玉)
1020,浦和,2021-11-30 11:02:00,2021-11-30 11:02:00,10-57-平塚-快速,1.0,浦和
2634,浦和,2021-11-30 11:03:00,2021-11-30 11:03:00,10-57-平塚-快速,1.5,浦和
1021,赤羽,2021-11-30 11:11:00,2021-11-30 11:11:00,10-57-平塚-快速,2.0,赤羽
1022,池袋,2021-11-30 11:22:00,2021-11-30 11:22:00,10-57-平塚-快速,3.0,尾久/池袋
2635,池袋,2021-11-30 11:23:00,2021-11-30 11:23:00,10-57-平塚-快速,3.5,尾久/池袋
1023,新宿,2021-11-30 11:28:00,2021-11-30 11:28:00,10-57-平塚-快速,4.0,上野/新宿
2636,新宿,2021-11-30 11:30:00,2021-11-30 11:30:00,10-57-平塚-快速,4.5,上野/新宿
1024,渋谷,2021-11-30 11:34:00,2021-11-30 11:34:00,10-57-平塚-快速,5.0,東京/渋谷
2637,渋谷,2021-11-30 11:35:00,2021-11-30 11:35:00,10-57-平塚-快速,5.5,東京/渋谷
1025,恵比寿,2021-11-30 11:37:00,2021-11-30 11:37:00,10-57-平塚-快速,6.0,新橋/恵比寿
1026,大崎,2021-11-30 11:41:00,2021-11-30 11:41:00,10-57-平塚-快速,7.0,品川/大崎
2638,大崎,2021-11-30 11:42:00,2021-11-30 11:42:00,10-57-平塚-快速,7.5,品川/大崎
1027,武蔵小杉,2021-11-30 11:50:00,2021-11-30 11:50:00,10-57-平塚-快速,8.0,川崎/武蔵小杉
1028,横浜,2021-11-30 12:00:00,2021-11-30 12:00:00,10-57-平塚-快速,9.0,横浜
2639,横浜,2021-11-30 12:01:00,2021-11-30 12:01:00,10-57-平塚-快速,9.5,横浜
1029,戸塚,2021-11-30 12:11:00,2021-11-30 12:11:00,10-57-平塚-快速,10.0,戸塚
1030,大船,2021-11-30 12:16:00,2021-11-30 12:16:00,10-57-平塚-快速,11.0,大船
2640,大船,2021-11-30 12:17:00,2021-11-30 12:17:00,10-57-平塚-快速,11.5,大船
1031,藤沢,2021-11-30 12:21:00,2021-11-30 12:21:00,10-57-平塚-快速,12.0,藤沢
1032,辻堂,2021-11-30 12:24:00,2021-11-30 12:24:00,10-57-平塚-快速,13.0,辻堂
2641,辻堂,2021-11-30 12:25:00,2021-11-30 12:25:00,10-57-平塚-快速,13.5,辻堂
1033,茅ケ崎,2021-11-30 12:28:00,2021-11-30 12:28:00,10-57-平塚-快速,14.0,茅ケ崎
1034,平塚,2021-11-30 12:33:00,,10-57-平塚-快速,15.0,平塚
86,大宮(埼玉),2021-11-30 11:26:00,2021-11-30 11:26:00,11-28-小田原-特別快速,0.0,大宮(埼玉)
87,浦和,2021-11-30 11:35:00,2021-11-30 11:35:00,11-28-小田原-特別快速,1.0,浦和
88,赤羽,2021-11-30 11:43:00,2021-11-30 11:43:00,11-28-小田原-特別快速,2.0,赤羽
2119,赤羽,2021-11-30 11:44:00,2021-11-30 11:44:00,11-28-小田原-特別快速,2.5,赤羽
89,池袋,2021-11-30 11:54:00,2021-11-30 11:54:00,11-28-小田原-特別快速,3.0,尾久/池袋
90,新宿,2021-11-30 11:59:00,2021-11-30 11:59:00,11-28-小田原-特別快速,4.0,上野/新宿
2120,新宿,2021-11-30 12:00:00,2021-11-30 12:00:00,11-28-小田原-特別快速,4.5,上野/新宿
91,渋谷,2021-11-30 12:05:00,2021-11-30 12:05:00,11-28-小田原-特別快速,5.0,東京/渋谷
92,大崎,2021-11-30 12:11:00,2021-11-30 12:11:00,11-28-小田原-特別快速,6.0,品川/大崎
93,武蔵小杉,2021-11-30 12:20:00,2021-11-30 12:20:00,11-28-小田原-特別快速,7.0,川崎/武蔵小杉
2121,武蔵小杉,2021-11-30 12:21:00,2021-11-30 12:21:00,11-28-小田原-特別快速,7.5,川崎/武蔵小杉
94,横浜,2021-11-30 12:31:00,2021-11-30 12:31:00,11-28-小田原-特別快速,8.0,横浜
95,戸塚,2021-11-30 12:40:00,2021-11-30 12:40:00,11-28-小田原-特別快速,9.0,戸塚
2122,戸塚,2021-11-30 12:41:00,2021-11-30 12:41:00,11-28-小田原-特別快速,9.5,戸塚
96,大船,2021-11-30 12:46:00,2021-11-30 12:46:00,11-28-小田原-特別快速,10.0,大船
97,藤沢,2021-11-30 12:50:00,2021-11-30 12:50:00,11-28-小田原-特別快速,11.0,藤沢
2123,藤沢,2021-11-30 12:51:00,2021-11-30 12:51:00,11-28-小田原-特別快速,11.5,藤沢
98,茅ケ崎,2021-11-30 12:56:00,2021-11-30 12:56:00,11-28-小田原-特別快速,12.0,茅ケ崎
99,平塚,2021-11-30 13:00:00,2021-11-30 13:00:00,11-28-小田原-特別快速,13.0,平塚
2124,平塚,2021-11-30 13:01:00,2021-11-30 13:01:00,11-28-小田原-特別快速,13.5,平塚
100,国府津,2021-11-30 13:09:00,2021-11-30 13:09:00,11-28-小田原-特別快速,14.0,国府津
2125,国府津,2021-11-30 13:10:00,2021-11-30 13:10:00,11-28-小田原-特別快速,14.5,国府津
101,小田原,2021-11-30 13:16:00,,11-28-小田原-特別快速,15.0,小田原
1360,大宮(埼玉),2021-11-30 11:56:00,2021-11-30 11:56:00,11-57-平塚-快速,0.0,大宮(埼玉)
1361,浦和,2021-11-30 12:03:00,2021-11-30 12:03:00,11-57-平塚-快速,1.0,浦和
1362,赤羽,2021-11-30 12:11:00,2021-11-30 12:11:00,11-57-平塚-快速,2.0,赤羽
2814,赤羽,2021-11-30 12:12:00,2021-11-30 12:12:00,11-57-平塚-快速,2.5,赤羽
1363,池袋,2021-11-30 12:22:00,2021-11-30 12:22:00,11-57-平塚-快速,3.0,尾久/池袋
2815,池袋,2021-11-30 12:23:00,2021-11-30 12:23:00,11-57-平塚-快速,3.5,尾久/池袋
1364,新宿,2021-11-30 12:28:00,2021-11-30 12:28:00,11-57-平塚-快速,4.0,上野/新宿
2816,新宿,2021-11-30 12:30:00,2021-11-30 12:30:00,11-57-平塚-快速,4.5,上野/新宿
1365,渋谷,2021-11-30 12:34:00,2021-11-30 12:34:00,11-57-平塚-快速,5.0,東京/渋谷
2817,渋谷,2021-11-30 12:35:00,2021-11-30 12:35:00,11-57-平塚-快速,5.5,東京/渋谷
1366,恵比寿,2021-11-30 12:37:00,2021-11-30 12:37:00,11-57-平塚-快速,6.0,新橋/恵比寿
1367,大崎,2021-11-30 12:41:00,2021-11-30 12:41:00,11-57-平塚-快速,7.0,品川/大崎
2818,大崎,2021-11-30 12:42:00,2021-11-30 12:42:00,11-57-平塚-快速,7.5,品川/大崎
1368,武蔵小杉,2021-11-30 12:50:00,2021-11-30 12:50:00,11-57-平塚-快速,8.0,川崎/武蔵小杉
1369,横浜,2021-11-30 13:00:00,2021-11-30 13:00:00,11-57-平塚-快速,9.0,横浜
2819,横浜,2021-11-30 13:01:00,2021-11-30 13:01:00,11-57-平塚-快速,9.5,横浜
1370,戸塚,2021-11-30 13:10:00,2021-11-30 13:10:00,11-57-平塚-快速,10.0,戸塚
2820,戸塚,2021-11-30 13:11:00,2021-11-30 13:11:00,11-57-平塚-快速,10.5,戸塚
1371,大船,2021-11-30 13:16:00,2021-11-30 13:16:00,11-57-平塚-快速,11.0,大船
1372,藤沢,2021-11-30 13:20:00,2021-11-30 13:20:00,11-57-平塚-快速,12.0,藤沢
2821,藤沢,2021-11-30 13:21:00,2021-11-30 13:21:00,11-57-平塚-快速,12.5,藤沢
1373,辻堂,2021-11-30 13:24:00,2021-11-30 13:24:00,11-57-平塚-快速,13.0,辻堂
1374,茅ケ崎,2021-11-30 13:27:00,2021-11-30 13:27:00,11-57-平塚-快速,14.0,茅ケ崎
2822,茅ケ崎,2021-11-30 13:28:00,2021-11-30 13:28:00,11-57-平塚-快速,14.5,茅ケ崎
1375,平塚,2021-11-30 13:32:00,,11-57-平塚-快速,15.0,平塚
1151,大宮(埼玉),2021-11-30 12:26:00,2021-11-30 12:26:00,12-27-小田原-特別快速,0.0,大宮(埼玉)
1152,浦和,2021-11-30 12:33:00,2021-11-30 12:33:00,12-27-小田原-特別快速,1.0,浦和
1153,赤羽,2021-11-30 12:41:00,2021-11-30 12:41:00,12-27-小田原-特別快速,2.0,赤羽
1154,池袋,2021-11-30 12:53:00,2021-11-30 12:53:00,12-27-小田原-特別快速,3.0,尾久/池袋
1155,新宿,2021-11-30 12:58:00,2021-11-30 12:58:00,12-27-小田原-特別快速,4.0,上野/新宿
2701,新宿,2021-11-30 13:00:00,2021-11-30 13:00:00,12-27-小田原-特別快速,4.5,上野/新宿
1156,渋谷,2021-11-30 13:04:00,2021-11-30 13:04:00,12-27-小田原-特別快速,5.0,東京/渋谷
2702,渋谷,2021-11-30 13:05:00,2021-11-30 13:05:00,12-27-小田原-特別快速,5.5,東京/渋谷
1157,大崎,2021-11-30 13:10:00,2021-11-30 13:10:00,12-27-小田原-特別快速,6.0,品川/大崎
2703,大崎,2021-11-30 13:11:00,2021-11-30 13:11:00,12-27-小田原-特別快速,6.5,品川/大崎
1158,武蔵小杉,2021-11-30 13:18:00,2021-11-30 13:18:00,12-27-小田原-特別快速,7.0,川崎/武蔵小杉
2704,武蔵小杉,2021-11-30 13:19:00,2021-11-30 13:19:00,12-27-小田原-特別快速,7.5,川崎/武蔵小杉
1159,横浜,2021-11-30 13:29:00,2021-11-30 13:29:00,12-27-小田原-特別快速,8.0,横浜
2705,横浜,2021-11-30 13:30:00,2021-11-30 13:30:00,12-27-小田原-特別快速,8.5,横浜
1160,戸塚,2021-11-30 13:39:00,2021-11-30 13:39:00,12-27-小田原-特別快速,9.0,戸塚
2706,戸塚,2021-11-30 13:40:00,2021-11-30 13:40:00,12-27-小田原-特別快速,9.5,戸塚
1161,大船,2021-11-30 13:44:00,2021-11-30 13:44:00,12-27-小田原-特別快速,10.0,大船
2707,大船,2021-11-30 13:45:00,2021-11-30 13:45:00,12-27-小田原-特別快速,10.5,大船
1162,藤沢,2021-11-30 13:49:00,2021-11-30 13:49:00,12-27-小田原-特別快速,11.0,藤沢
1163,茅ケ崎,2021-11-30 13:55:00,2021-11-30 13:55:00,12-27-小田原-特別快速,12.0,茅ケ崎
2708,茅ケ崎,2021-11-30 13:56:00,2021-11-30 13:56:00,12-27-小田原-特別快速,12.5,茅ケ崎
1164,平塚,2021-11-30 14:00:00,2021-11-30 14:00:00,12-27-小田原-特別快速,13.0,平塚
1165,国府津,2021-11-30 14:09:00,2021-11-30 14:09:00,12-27-小田原-特別快速,14.0,国府津
2709,国府津,2021-11-30 14:10:00,2021-11-30 14:10:00,12-27-小田原-特別快速,14.5,国府津
1166,小田原,2021-11-30 14:15:00,,12-27-小田原-特別快速,15.0,小田原
872,大宮(埼玉),2021-11-30 12:56:00,2021-11-30 12:56:00,12-57-平塚-快速,0.0,大宮(埼玉)
873,浦和,2021-11-30 13:02:00,2021-11-30 13:02:00,12-57-平塚-快速,1.0,浦和
2543,浦和,2021-11-30 13:03:00,2021-11-30 13:03:00,12-57-平塚-快速,1.5,浦和
874,赤羽,2021-11-30 13:11:00,2021-11-30 13:11:00,12-57-平塚-快速,2.0,赤羽
875,池袋,2021-11-30 13:22:00,2021-11-30 13:22:00,12-57-平塚-快速,3.0,尾久/池袋
2544,池袋,2021-11-30 13:23:00,2021-11-30 13:23:00,12-57-平塚-快速,3.5,尾久/池袋
876,新宿,2021-11-30 13:29:00,2021-11-30 13:29:00,12-57-平塚-快速,4.0,上野/新宿
2545,新宿,2021-11-30 13:30:00,2021-11-30 13:30:00,12-57-平塚-快速,4.5,上野/新宿
877,渋谷,2021-11-30 13:34:00,2021-11-30 13:34:00,12-57-平塚-快速,5.0,東京/渋谷
2546,渋谷,2021-11-30 13:35:00,2021-11-30 13:35:00,12-57-平塚-快速,5.5,東京/渋谷
878,恵比寿,2021-11-30 13:37:00,2021-11-30 13:37:00,12-57-平塚-快速,6.0,新橋/恵比寿
879,大崎,2021-11-30 13:41:00,2021-11-30 13:41:00,12-57-平塚-快速,7.0,品川/大崎
2547,大崎,2021-11-30 13:42:00,2021-11-30 13:42:00,12-57-平塚-快速,7.5,品川/大崎
880,武蔵小杉,2021-11-30 13:50:00,2021-11-30 13:50:00,12-57-平塚-快速,8.0,川崎/武蔵小杉
881,横浜,2021-11-30 14:00:00,2021-11-30 14:00:00,12-57-平塚-快速,9.0,横浜
2548,横浜,2021-11-30 14:01:00,2021-11-30 14:01:00,12-57-平塚-快速,9.5,横浜
882,戸塚,2021-11-30 14:11:00,2021-11-30 14:11:00,12-57-平塚-快速,10.0,戸塚
883,大船,2021-11-30 14:16:00,2021-11-30 14:16:00,12-57-平塚-快速,11.0,大船
2549,大船,2021-11-30 14:17:00,2021-11-30 14:17:00,12-57-平塚-快速,11.5,大船
884,藤沢,2021-11-30 14:21:00,2021-11-30 14:21:00,12-57-平塚-快速,12.0,藤沢
885,辻堂,2021-11-30 14:24:00,2021-11-30 14:24:00,12-57-平塚-快速,13.0,辻堂
2550,辻堂,2021-11-30 14:25:00,2021-11-30 14:25:00,12-57-平塚-快速,13.5,辻堂
886,茅ケ崎,2021-11-30 14:28:00,2021-11-30 14:28:00,12-57-平塚-快速,14.0,茅ケ崎
887,平塚,2021-11-30 14:33:00,,12-57-平塚-快速,15.0,平塚
708,大宮(埼玉),2021-11-30 13:26:00,2021-11-30 13:26:00,13-27-小田原-特別快速,0.0,大宮(埼玉)
709,浦和,2021-11-30 13:33:00,2021-11-30 13:33:00,13-27-小田原-特別快速,1.0,浦和
2456,浦和,2021-11-30 13:34:00,2021-11-30 13:34:00,13-27-小田原-特別快速,1.5,浦和
710,赤羽,2021-11-30 13:42:00,2021-11-30 13:42:00,13-27-小田原-特別快速,2.0,赤羽
711,池袋,2021-11-30 13:52:00,2021-11-30 13:52:00,13-27-小田原-特別快速,3.0,尾久/池袋
712,新宿,2021-11-30 13:57:00,2021-11-30 13:57:00,13-27-小田原-特別快速,4.0,上野/新宿
2457,新宿,2021-11-30 14:00:00,2021-11-30 14:00:00,13-27-小田原-特別快速,4.5,上野/新宿
713,渋谷,2021-11-30 14:04:00,2021-11-30 14:04:00,13-27-小田原-特別快速,5.0,東京/渋谷
2458,渋谷,2021-11-30 14:05:00,2021-11-30 14:05:00,13-27-小田原-特別快速,5.5,東京/渋谷
714,大崎,2021-11-30 14:10:00,2021-11-30 14:10:00,13-27-小田原-特別快速,6.0,品川/大崎
2459,大崎,2021-11-30 14:11:00,2021-11-30 14:11:00,13-27-小田原-特別快速,6.5,品川/大崎
715,武蔵小杉,2021-11-30 14:18:00,2021-11-30 14:18:00,13-27-小田原-特別快速,7.0,川崎/武蔵小杉
2460,武蔵小杉,2021-11-30 14:19:00,2021-11-30 14:19:00,13-27-小田原-特別快速,7.5,川崎/武蔵小杉
716,横浜,2021-11-30 14:29:00,2021-11-30 14:29:00,13-27-小田原-特別快速,8.0,横浜
2461,横浜,2021-11-30 14:30:00,2021-11-30 14:30:00,13-27-小田原-特別快速,8.5,横浜
717,戸塚,2021-11-30 14:39:00,2021-11-30 14:39:00,13-27-小田原-特別快速,9.0,戸塚
2462,戸塚,2021-11-30 14:40:00,2021-11-30 14:40:00,13-27-小田原-特別快速,9.5,戸塚
718,大船,2021-11-30 14:44:00,2021-11-30 14:44:00,13-27-小田原-特別快速,10.0,大船
2463,大船,2021-11-30 14:45:00,2021-11-30 14:45:00,13-27-小田原-特別快速,10.5,大船
719,藤沢,2021-11-30 14:49:00,2021-11-30 14:49:00,13-27-小田原-特別快速,11.0,藤沢
720,茅ケ崎,2021-11-30 14:54:00,2021-11-30 14:54:00,13-27-小田原-特別快速,12.0,茅ケ崎
2464,茅ケ崎,2021-11-30 14:55:00,2021-11-30 14:55:00,13-27-小田原-特別快速,12.5,茅ケ崎
721,平塚,2021-11-30 14:59:00,2021-11-30 14:59:00,13-27-小田原-特別快速,13.0,平塚
722,国府津,2021-11-30 15:08:00,2021-11-30 15:08:00,13-27-小田原-特別快速,14.0,国府津
2465,国府津,2021-11-30 15:09:00,2021-11-30 15:09:00,13-27-小田原-特別快速,14.5,国府津
723,小田原,2021-11-30 15:14:00,,13-27-小田原-特別快速,15.0,小田原
306,大宮(埼玉),2021-11-30 13:56:00,2021-11-30 13:56:00,13-57-国府津-快速,0.0,大宮(埼玉)
307,浦和,2021-11-30 14:03:00,2021-11-30 14:03:00,13-57-国府津-快速,1.0,浦和
308,赤羽,2021-11-30 14:11:00,2021-11-30 14:11:00,13-57-国府津-快速,2.0,赤羽
309,池袋,2021-11-30 14:22:00,2021-11-30 14:22:00,13-57-国府津-快速,3.0,尾久/池袋
2246,池袋,2021-11-30 14:23:00,2021-11-30 14:23:00,13-57-国府津-快速,3.5,尾久/池袋
310,新宿,2021-11-30 14:29:00,2021-11-30 14:29:00,13-57-国府津-快速,4.0,上野/新宿
2247,新宿,2021-11-30 14:30:00,2021-11-30 14:30:00,13-57-国府津-快速,4.5,上野/新宿
311,渋谷,2021-11-30 14:34:00,2021-11-30 14:34:00,13-57-国府津-快速,5.0,東京/渋谷
2248,渋谷,2021-11-30 14:35:00,2021-11-30 14:35:00,13-57-国府津-快速,5.5,東京/渋谷
312,恵比寿,2021-11-30 14:37:00,2021-11-30 14:37:00,13-57-国府津-快速,6.0,新橋/恵比寿
313,大崎,2021-11-30 14:41:00,2021-11-30 14:41:00,13-57-国府津-快速,7.0,品川/大崎
2249,大崎,2021-11-30 14:42:00,2021-11-30 14:42:00,13-57-国府津-快速,7.5,品川/大崎
314,武蔵小杉,2021-11-30 14:50:00,2021-11-30 14:50:00,13-57-国府津-快速,8.0,川崎/武蔵小杉
315,横浜,2021-11-30 15:00:00,2021-11-30 15:00:00,13-57-国府津-快速,9.0,横浜
2250,横浜,2021-11-30 15:01:00,2021-11-30 15:01:00,13-57-国府津-快速,9.5,横浜
316,戸塚,2021-11-30 15:11:00,2021-11-30 15:11:00,13-57-国府津-快速,10.0,戸塚
317,大船,2021-11-30 15:16:00,2021-11-30 15:16:00,13-57-国府津-快速,11.0,大船
2251,大船,2021-11-30 15:17:00,2021-11-30 15:17:00,13-57-国府津-快速,11.5,大船
318,藤沢,2021-11-30 15:21:00,2021-11-30 15:21:00,13-57-国府津-快速,12.0,藤沢
319,辻堂,2021-11-30 15:24:00,2021-11-30 15:24:00,13-57-国府津-快速,13.0,辻堂
2252,辻堂,2021-11-30 15:25:00,2021-11-30 15:25:00,13-57-国府津-快速,13.5,辻堂
320,茅ケ崎,2021-11-30 15:28:00,2021-11-30 15:28:00,13-57-国府津-快速,14.0,茅ケ崎
321,平塚,2021-11-30 15:32:00,2021-11-30 15:32:00,13-57-国府津-快速,15.0,平塚
2253,平塚,2021-11-30 15:33:00,2021-11-30 15:33:00,13-57-国府津-快速,15.5,平塚
322,大磯,2021-11-30 15:36:00,2021-11-30 15:36:00,13-57-国府津-快速,16.0,大磯
323,二宮,2021-11-30 15:40:00,2021-11-30 15:40:00,13-57-国府津-快速,17.0,二宮
2254,二宮,2021-11-30 15:41:00,2021-11-30 15:41:00,13-57-国府津-快速,17.5,二宮
324,国府津,2021-11-30 15:45:00,,13-57-国府津-快速,18.0,国府津
1409,大宮(埼玉),2021-11-30 14:26:00,2021-11-30 14:26:00,14-27-小田原-特別快速,0.0,大宮(埼玉)
1410,浦和,2021-11-30 14:33:00,2021-11-30 14:33:00,14-27-小田原-特別快速,1.0,浦和
1411,赤羽,2021-11-30 14:41:00,2021-11-30 14:41:00,14-27-小田原-特別快速,2.0,赤羽
1412,池袋,2021-11-30 14:53:00,2021-11-30 14:53:00,14-27-小田原-特別快速,3.0,尾久/池袋
1413,新宿,2021-11-30 14:58:00,2021-11-30 14:58:00,14-27-小田原-特別快速,4.0,上野/新宿
2840,新宿,2021-11-30 15:00:00,2021-11-30 15:00:00,14-27-小田原-特別快速,4.5,上野/新宿
1414,渋谷,2021-11-30 15:04:00,2021-11-30 15:04:00,14-27-小田原-特別快速,5.0,東京/渋谷
2841,渋谷,2021-11-30 15:05:00,2021-11-30 15:05:00,14-27-小田原-特別快速,5.5,東京/渋谷
1415,大崎,2021-11-30 15:10:00,2021-11-30 15:10:00,14-27-小田原-特別快速,6.0,品川/大崎
2842,大崎,2021-11-30 15:11:00,2021-11-30 15:11:00,14-27-小田原-特別快速,6.5,品川/大崎
1416,武蔵小杉,2021-11-30 15:18:00,2021-11-30 15:18:00,14-27-小田原-特別快速,7.0,川崎/武蔵小杉
2843,武蔵小杉,2021-11-30 15:19:00,2021-11-30 15:19:00,14-27-小田原-特別快速,7.5,川崎/武蔵小杉
1417,横浜,2021-11-30 15:29:00,2021-11-30 15:29:00,14-27-小田原-特別快速,8.0,横浜
2844,横浜,2021-11-30 15:30:00,2021-11-30 15:30:00,14-27-小田原-特別快速,8.5,横浜
1418,戸塚,2021-11-30 15:39:00,2021-11-30 15:39:00,14-27-小田原-特別快速,9.0,戸塚
2845,戸塚,2021-11-30 15:40:00,2021-11-30 15:40:00,14-27-小田原-特別快速,9.5,戸塚
1419,大船,2021-11-30 15:44:00,2021-11-30 15:44:00,14-27-小田原-特別快速,10.0,大船
2846,大船,2021-11-30 15:45:00,2021-11-30 15:45:00,14-27-小田原-特別快速,10.5,大船
1420,藤沢,2021-11-30 15:49:00,2021-11-30 15:49:00,14-27-小田原-特別快速,11.0,藤沢
1421,茅ケ崎,2021-11-30 15:54:00,2021-11-30 15:54:00,14-27-小田原-特別快速,12.0,茅ケ崎
2847,茅ケ崎,2021-11-30 15:55:00,2021-11-30 15:55:00,14-27-小田原-特別快速,12.5,茅ケ崎
1422,平塚,2021-11-30 15:59:00,2021-11-30 15:59:00,14-27-小田原-特別快速,13.0,平塚
1423,国府津,2021-11-30 16:08:00,2021-11-30 16:08:00,14-27-小田原-特別快速,14.0,国府津
2848,国府津,2021-11-30 16:09:00,2021-11-30 16:09:00,14-27-小田原-特別快速,14.5,国府津
1424,小田原,2021-11-30 16:14:00,,14-27-小田原-特別快速,15.0,小田原
612,大宮(埼玉),2021-11-30 14:55:00,2021-11-30 14:55:00,14-56-平塚-快速,0.0,大宮(埼玉)
613,浦和,2021-11-30 15:02:00,2021-11-30 15:02:00,14-56-平塚-快速,1.0,浦和
2408,浦和,2021-11-30 15:03:00,2021-11-30 15:03:00,14-56-平塚-快速,1.5,浦和
614,赤羽,2021-11-30 15:11:00,2021-11-30 15:11:00,14-56-平塚-快速,2.0,赤羽
2409,赤羽,2021-11-30 15:12:00,2021-11-30 15:12:00,14-56-平塚-快速,2.5,赤羽
615,池袋,2021-11-30 15:22:00,2021-11-30 15:22:00,14-56-平塚-快速,3.0,尾久/池袋
2410,池袋,2021-11-30 15:23:00,2021-11-30 15:23:00,14-56-平塚-快速,3.5,尾久/池袋
616,新宿,2021-11-30 15:29:00,2021-11-30 15:29:00,14-56-平塚-快速,4.0,上野/新宿
2411,新宿,2021-11-30 15:30:00,2021-11-30 15:30:00,14-56-平塚-快速,4.5,上野/新宿
617,渋谷,2021-11-30 15:34:00,2021-11-30 15:34:00,14-56-平塚-快速,5.0,東京/渋谷
2412,渋谷,2021-11-30 15:35:00,2021-11-30 15:35:00,14-56-平塚-快速,5.5,東京/渋谷
618,恵比寿,2021-11-30 15:37:00,2021-11-30 15:37:00,14-56-平塚-快速,6.0,新橋/恵比寿
619,大崎,2021-11-30 15:41:00,2021-11-30 15:41:00,14-56-平塚-快速,7.0,品川/大崎
2413,大崎,2021-11-30 15:42:00,2021-11-30 15:42:00,14-56-平塚-快速,7.5,品川/大崎
620,武蔵小杉,2021-11-30 15:50:00,2021-11-30 15:50:00,14-56-平塚-快速,8.0,川崎/武蔵小杉
621,横浜,2021-11-30 16:00:00,2021-11-30 16:00:00,14-56-平塚-快速,9.0,横浜
2414,横浜,2021-11-30 16:01:00,2021-11-30 16:01:00,14-56-平塚-快速,9.5,横浜
622,戸塚,2021-11-30 16:10:00,2021-11-30 16:10:00,14-56-平塚-快速,10.0,戸塚
623,大船,2021-11-30 16:15:00,2021-11-30 16:15:00,14-56-平塚-快速,11.0,大船
2415,大船,2021-11-30 16:16:00,2021-11-30 16:16:00,14-56-平塚-快速,11.5,大船
624,藤沢,2021-11-30 16:20:00,2021-11-30 16:20:00,14-56-平塚-快速,12.0,藤沢
625,辻堂,2021-11-30 16:23:00,2021-11-30 16:23:00,14-56-平塚-快速,13.0,辻堂
2416,辻堂,2021-11-30 16:24:00,2021-11-30 16:24:00,14-56-平塚-快速,13.5,辻堂
626,茅ケ崎,2021-11-30 16:27:00,2021-11-30 16:27:00,14-56-平塚-快速,14.0,茅ケ崎
627,平塚,2021-11-30 16:32:00,,14-56-平塚-快速,15.0,平塚
1553,大宮(埼玉),2021-11-30 15:26:00,2021-11-30 15:26:00,15-27-小田原-特別快速,0.0,大宮(埼玉)
1554,浦和,2021-11-30 15:33:00,2021-11-30 15:33:00,15-27-小田原-特別快速,1.0,浦和
1555,赤羽,2021-11-30 15:41:00,2021-11-30 15:41:00,15-27-小田原-特別快速,2.0,赤羽
1556,池袋,2021-11-30 15:53:00,2021-11-30 15:53:00,15-27-小田原-特別快速,3.0,尾久/池袋
2916,池袋,2021-11-30 15:54:00,2021-11-30 15:54:00,15-27-小田原-特別快速,3.5,尾久/池袋
1557,新宿,2021-11-30 15:59:00,2021-11-30 15:59:00,15-27-小田原-特別快速,4.0,上野/新宿
2917,新宿,2021-11-30 16:00:00,2021-11-30 16:00:00,15-27-小田原-特別快速,4.5,上野/新宿
1558,渋谷,2021-11-30 16:04:00,2021-11-30 16:04:00,15-27-小田原-特別快速,5.0,東京/渋谷
2918,渋谷,2021-11-30 16:05:00,2021-11-30 16:05:00,15-27-小田原-特別快速,5.5,東京/渋谷
1559,大崎,2021-11-30 16:10:00,2021-11-30 16:10:00,15-27-小田原-特別快速,6.0,品川/大崎
2919,大崎,2021-11-30 16:11:00,2021-11-30 16:11:00,15-27-小田原-特別快速,6.5,品川/大崎
1560,武蔵小杉,2021-11-30 16:18:00,2021-11-30 16:18:00,15-27-小田原-特別快速,7.0,川崎/武蔵小杉
2920,武蔵小杉,2021-11-30 16:19:00,2021-11-30 16:19:00,15-27-小田原-特別快速,7.5,川崎/武蔵小杉
1561,横浜,2021-11-30 16:29:00,2021-11-30 16:29:00,15-27-小田原-特別快速,8.0,横浜
2921,横浜,2021-11-30 16:30:00,2021-11-30 16:30:00,15-27-小田原-特別快速,8.5,横浜
1562,戸塚,2021-11-30 16:39:00,2021-11-30 16:39:00,15-27-小田原-特別快速,9.0,戸塚
2922,戸塚,2021-11-30 16:40:00,2021-11-30 16:40:00,15-27-小田原-特別快速,9.5,戸塚
1563,大船,2021-11-30 16:44:00,2021-11-30 16:44:00,15-27-小田原-特別快速,10.0,大船
2923,大船,2021-11-30 16:45:00,2021-11-30 16:45:00,15-27-小田原-特別快速,10.5,大船
1564,藤沢,2021-11-30 16:49:00,2021-11-30 16:49:00,15-27-小田原-特別快速,11.0,藤沢
1565,茅ケ崎,2021-11-30 16:54:00,2021-11-30 16:54:00,15-27-小田原-特別快速,12.0,茅ケ崎
2924,茅ケ崎,2021-11-30 16:55:00,2021-11-30 16:55:00,15-27-小田原-特別快速,12.5,茅ケ崎
1566,平塚,2021-11-30 16:59:00,2021-11-30 16:59:00,15-27-小田原-特別快速,13.0,平塚
1567,国府津,2021-11-30 17:08:00,2021-11-30 17:08:00,15-27-小田原-特別快速,14.0,国府津
2925,国府津,2021-11-30 17:09:00,2021-11-30 17:09:00,15-27-小田原-特別快速,14.5,国府津
1568,小田原,2021-11-30 17:14:00,,15-27-小田原-特別快速,15.0,小田原
1263,大宮(埼玉),2021-11-30 15:56:00,2021-11-30 15:56:00,15-57-平塚-快速,0.0,大宮(埼玉)
1264,浦和,2021-11-30 16:02:00,2021-11-30 16:02:00,15-57-平塚-快速,1.0,浦和
2766,浦和,2021-11-30 16:03:00,2021-11-30 16:03:00,15-57-平塚-快速,1.5,浦和
1265,赤羽,2021-11-30 16:11:00,2021-11-30 16:11:00,15-57-平塚-快速,2.0,赤羽
1266,池袋,2021-11-30 16:22:00,2021-11-30 16:22:00,15-57-平塚-快速,3.0,尾久/池袋
2767,池袋,2021-11-30 16:23:00,2021-11-30 16:23:00,15-57-平塚-快速,3.5,尾久/池袋
1267,新宿,2021-11-30 16:29:00,2021-11-30 16:29:00,15-57-平塚-快速,4.0,上野/新宿
2768,新宿,2021-11-30 16:30:00,2021-11-30 16:30:00,15-57-平塚-快速,4.5,上野/新宿
1268,渋谷,2021-11-30 16:34:00,2021-11-30 16:34:00,15-57-平塚-快速,5.0,東京/渋谷
2769,渋谷,2021-11-30 16:35:00,2021-11-30 16:35:00,15-57-平塚-快速,5.5,東京/渋谷
1269,恵比寿,2021-11-30 16:37:00,2021-11-30 16:37:00,15-57-平塚-快速,6.0,新橋/恵比寿
1270,大崎,2021-11-30 16:41:00,2021-11-30 16:41:00,15-57-平塚-快速,7.0,品川/大崎
2770,大崎,2021-11-30 16:42:00,2021-11-30 16:42:00,15-57-平塚-快速,7.5,品川/大崎
1271,武蔵小杉,2021-11-30 16:49:00,2021-11-30 16:49:00,15-57-平塚-快速,8.0,川崎/武蔵小杉
2771,武蔵小杉,2021-11-30 16:50:00,2021-11-30 16:50:00,15-57-平塚-快速,8.5,川崎/武蔵小杉
1272,横浜,2021-11-30 17:00:00,2021-11-30 17:00:00,15-57-平塚-快速,9.0,横浜
2772,横浜,2021-11-30 17:01:00,2021-11-30 17:01:00,15-57-平塚-快速,9.5,横浜
1273,戸塚,2021-11-30 17:11:00,2021-11-30 17:11:00,15-57-平塚-快速,10.0,戸塚
1274,大船,2021-11-30 17:16:00,2021-11-30 17:16:00,15-57-平塚-快速,11.0,大船
2773,大船,2021-11-30 17:17:00,2021-11-30 17:17:00,15-57-平塚-快速,11.5,大船
1275,藤沢,2021-11-30 17:21:00,2021-11-30 17:21:00,15-57-平塚-快速,12.0,藤沢
1276,辻堂,2021-11-30 17:24:00,2021-11-30 17:24:00,15-57-平塚-快速,13.0,辻堂
2774,辻堂,2021-11-30 17:25:00,2021-11-30 17:25:00,15-57-平塚-快速,13.5,辻堂
1277,茅ケ崎,2021-11-30 17:28:00,2021-11-30 17:28:00,15-57-平塚-快速,14.0,茅ケ崎
1278,平塚,2021-11-30 17:33:00,,15-57-平塚-快速,15.0,平塚
1476,大宮(埼玉),2021-11-30 16:26:00,2021-11-30 16:26:00,16-27-小田原-特別快速,0.0,大宮(埼玉)
1477,浦和,2021-11-30 16:33:00,2021-11-30 16:33:00,16-27-小田原-特別快速,1.0,浦和
1478,赤羽,2021-11-30 16:41:00,2021-11-30 16:41:00,16-27-小田原-特別快速,2.0,赤羽
1479,池袋,2021-11-30 16:53:00,2021-11-30 16:53:00,16-27-小田原-特別快速,3.0,尾久/池袋
1480,新宿,2021-11-30 16:58:00,2021-11-30 16:58:00,16-27-小田原-特別快速,4.0,上野/新宿
2879,新宿,2021-11-30 17:00:00,2021-11-30 17:00:00,16-27-小田原-特別快速,4.5,上野/新宿
1481,渋谷,2021-11-30 17:04:00,2021-11-30 17:04:00,16-27-小田原-特別快速,5.0,東京/渋谷
2880,渋谷,2021-11-30 17:05:00,2021-11-30 17:05:00,16-27-小田原-特別快速,5.5,東京/渋谷
1482,大崎,2021-11-30 17:11:00,2021-11-30 17:11:00,16-27-小田原-特別快速,6.0,品川/大崎
1483,武蔵小杉,2021-11-30 17:20:00,2021-11-30 17:20:00,16-27-小田原-特別快速,7.0,川崎/武蔵小杉
1484,横浜,2021-11-30 17:30:00,2021-11-30 17:30:00,16-27-小田原-特別快速,8.0,横浜
2881,横浜,2021-11-30 17:31:00,2021-11-30 17:31:00,16-27-小田原-特別快速,8.5,横浜
1485,戸塚,2021-11-30 17:40:00,2021-11-30 17:40:00,16-27-小田原-特別快速,9.0,戸塚
2882,戸塚,2021-11-30 17:41:00,2021-11-30 17:41:00,16-27-小田原-特別快速,9.5,戸塚
1486,大船,2021-11-30 17:46:00,2021-11-30 17:46:00,16-27-小田原-特別快速,10.0,大船
1487,藤沢,2021-11-30 17:50:00,2021-11-30 17:50:00,16-27-小田原-特別快速,11.0,藤沢
2883,藤沢,2021-11-30 17:51:00,2021-11-30 17:51:00,16-27-小田原-特別快速,11.5,藤沢
1488,茅ケ崎,2021-11-30 17:56:00,2021-11-30 17:56:00,16-27-小田原-特別快速,12.0,茅ケ崎
1489,平塚,2021-11-30 18:01:00,2021-11-30 18:01:00,16-27-小田原-特別快速,13.0,平塚
2884,平塚,2021-11-30 18:02:00,2021-11-30 18:02:00,16-27-小田原-特別快速,13.5,平塚
1490,国府津,2021-11-30 18:12:00,2021-11-30 18:12:00,16-27-小田原-特別快速,14.0,国府津
2885,国府津,2021-11-30 18:13:00,2021-11-30 18:13:00,16-27-小田原-特別快速,14.5,国府津
1491,小田原,2021-11-30 18:19:00,,16-27-小田原-特別快速,15.0,小田原
1492,大宮(埼玉),2021-11-30 16:59:00,2021-11-30 16:59:00,17-00-平塚-快速,0.0,大宮(埼玉)
1493,浦和,2021-11-30 17:06:00,2021-11-30 17:06:00,17-00-平塚-快速,1.0,浦和
1494,赤羽,2021-11-30 17:15:00,2021-11-30 17:15:00,17-00-平塚-快速,2.0,赤羽
1495,池袋,2021-11-30 17:26:00,2021-11-30 17:26:00,17-00-平塚-快速,3.0,尾久/池袋
1496,新宿,2021-11-30 17:31:00,2021-11-30 17:31:00,17-00-平塚-快速,4.0,上野/新宿
2886,新宿,2021-11-30 17:32:00,2021-11-30 17:32:00,17-00-平塚-快速,4.5,上野/新宿
1497,渋谷,2021-11-30 17:37:00,2021-11-30 17:37:00,17-00-平塚-快速,5.0,東京/渋谷
1498,恵比寿,2021-11-30 17:39:00,2021-11-30 17:39:00,17-00-平塚-快速,6.0,新橋/恵比寿
2887,恵比寿,2021-11-30 17:40:00,2021-11-30 17:40:00,17-00-平塚-快速,6.5,新橋/恵比寿
1499,大崎,2021-11-30 17:44:00,2021-11-30 17:44:00,17-00-平塚-快速,7.0,品川/大崎
1500,武蔵小杉,2021-11-30 17:52:00,2021-11-30 17:52:00,17-00-平塚-快速,8.0,川崎/武蔵小杉
2888,武蔵小杉,2021-11-30 17:53:00,2021-11-30 17:53:00,17-00-平塚-快速,8.5,川崎/武蔵小杉
1501,横浜,2021-11-30 18:03:00,2021-11-30 18:03:00,17-00-平塚-快速,9.0,横浜
2889,横浜,2021-11-30 18:04:00,2021-11-30 18:04:00,17-00-平塚-快速,9.5,横浜
1502,戸塚,2021-11-30 18:14:00,2021-11-30 18:14:00,17-00-平塚-快速,10.0,戸塚
1503,大船,2021-11-30 18:19:00,2021-11-30 18:19:00,17-00-平塚-快速,11.0,大船
2890,大船,2021-11-30 18:20:00,2021-11-30 18:20:00,17-00-平塚-快速,11.5,大船
1504,藤沢,2021-11-30 18:25:00,2021-11-30 18:25:00,17-00-平塚-快速,12.0,藤沢
1505,辻堂,2021-11-30 18:29:00,2021-11-30 18:29:00,17-00-平塚-快速,13.0,辻堂
1506,茅ケ崎,2021-11-30 18:33:00,2021-11-30 18:33:00,17-00-平塚-快速,14.0,茅ケ崎
1507,平塚,2021-11-30 18:38:00,,17-00-平塚-快速,15.0,平塚
406,大宮(埼玉),2021-11-30 17:29:00,2021-11-30 17:29:00,17-30-小田原-快速,0.0,大宮(埼玉)
407,浦和,2021-11-30 17:35:00,2021-11-30 17:35:00,17-30-小田原-快速,1.0,浦和
408,赤羽,2021-11-30 17:43:00,2021-11-30 17:43:00,17-30-小田原-快速,2.0,赤羽
409,池袋,2021-11-30 17:54:00,2021-11-30 17:54:00,17-30-小田原-快速,3.0,尾久/池袋
410,新宿,2021-11-30 17:59:00,2021-11-30 17:59:00,17-30-小田原-快速,4.0,上野/新宿
2294,新宿,2021-11-30 18:00:00,2021-11-30 18:00:00,17-30-小田原-快速,4.5,上野/新宿
411,渋谷,2021-11-30 18:05:00,2021-11-30 18:05:00,17-30-小田原-快速,5.0,東京/渋谷
2295,渋谷,2021-11-30 18:06:00,2021-11-30 18:06:00,17-30-小田原-快速,5.5,東京/渋谷
412,恵比寿,2021-11-30 18:08:00,2021-11-30 18:08:00,17-30-小田原-快速,6.0,新橋/恵比寿
413,大崎,2021-11-30 18:12:00,2021-11-30 18:12:00,17-30-小田原-快速,7.0,品川/大崎
2296,大崎,2021-11-30 18:13:00,2021-11-30 18:13:00,17-30-小田原-快速,7.5,品川/大崎
414,武蔵小杉,2021-11-30 18:24:00,2021-11-30 18:24:00,17-30-小田原-快速,8.0,川崎/武蔵小杉
415,横浜,2021-11-30 18:36:00,2021-11-30 18:36:00,17-30-小田原-快速,9.0,横浜
2297,横浜,2021-11-30 18:37:00,2021-11-30 18:37:00,17-30-小田原-快速,9.5,横浜
416,戸塚,2021-11-30 18:49:00,2021-11-30 18:49:00,17-30-小田原-快速,10.0,戸塚
2298,戸塚,2021-11-30 18:50:00,2021-11-30 18:50:00,17-30-小田原-快速,10.5,戸塚
417,大船,2021-11-30 18:55:00,2021-11-30 18:55:00,17-30-小田原-快速,11.0,大船
2299,大船,2021-11-30 18:56:00,2021-11-30 18:56:00,17-30-小田原-快速,11.5,大船
418,藤沢,2021-11-30 19:00:00,2021-11-30 19:00:00,17-30-小田原-快速,12.0,藤沢
419,辻堂,2021-11-30 19:04:00,2021-11-30 19:04:00,17-30-小田原-快速,13.0,辻堂
420,茅ケ崎,2021-11-30 19:08:00,2021-11-30 19:08:00,17-30-小田原-快速,14.0,茅ケ崎
421,平塚,2021-11-30 19:13:00,2021-11-30 19:13:00,17-30-小田原-快速,15.0,平塚
2300,平塚,2021-11-30 19:14:00,2021-11-30 19:14:00,17-30-小田原-快速,15.5,平塚
422,大磯,2021-11-30 19:17:00,2021-11-30 19:17:00,17-30-小田原-快速,16.0,大磯
2301,大磯,2021-11-30 19:18:00,2021-11-30 19:18:00,17-30-小田原-快速,16.5,大磯
423,二宮,2021-11-30 19:22:00,2021-11-30 19:22:00,17-30-小田原-快速,17.0,二宮
2302,二宮,2021-11-30 19:23:00,2021-11-30 19:23:00,17-30-小田原-快速,17.5,二宮
424,国府津,2021-11-30 19:26:00,2021-11-30 19:26:00,17-30-小田原-快速,18.0,国府津
2303,国府津,2021-11-30 19:27:00,2021-11-30 19:27:00,17-30-小田原-快速,18.5,国府津
425,鴨宮,2021-11-30 19:30:00,2021-11-30 19:30:00,17-30-小田原-快速,19.0,鴨宮
2304,鴨宮,2021-11-30 19:31:00,2021-11-30 19:31:00,17-30-小田原-快速,19.5,鴨宮
426,小田原,2021-11-30 19:34:00,,17-30-小田原-快速,20.0,小田原
1795,大宮(埼玉),2021-11-30 17:56:00,2021-11-30 17:56:00,17-57-小田原-快速,0.0,大宮(埼玉)
1796,浦和,2021-11-30 18:02:00,2021-11-30 18:02:00,17-57-小田原-快速,1.0,浦和
3051,浦和,2021-11-30 18:03:00,2021-11-30 18:03:00,17-57-小田原-快速,1.5,浦和
1797,赤羽,2021-11-30 18:12:00,2021-11-30 18:12:00,17-57-小田原-快速,2.0,赤羽
1798,池袋,2021-11-30 18:24:00,2021-11-30 18:24:00,17-57-小田原-快速,3.0,尾久/池袋
3052,池袋,2021-11-30 18:25:00,2021-11-30 18:25:00,17-57-小田原-快速,3.5,尾久/池袋
1799,新宿,2021-11-30 18:30:00,2021-11-30 18:30:00,17-57-小田原-快速,4.0,上野/新宿
3053,新宿,2021-11-30 18:31:00,2021-11-30 18:31:00,17-57-小田原-快速,4.5,上野/新宿
1800,渋谷,2021-11-30 18:36:00,2021-11-30 18:36:00,17-57-小田原-快速,5.0,東京/渋谷
3054,渋谷,2021-11-30 18:37:00,2021-11-30 18:37:00,17-57-小田原-快速,5.5,東京/渋谷
1801,恵比寿,2021-11-30 18:39:00,2021-11-30 18:39:00,17-57-小田原-快速,6.0,新橋/恵比寿
1802,大崎,2021-11-30 18:43:00,2021-11-30 18:43:00,17-57-小田原-快速,7.0,品川/大崎
1803,武蔵小杉,2021-11-30 18:52:00,2021-11-30 18:52:00,17-57-小田原-快速,8.0,川崎/武蔵小杉
3055,武蔵小杉,2021-11-30 18:53:00,2021-11-30 18:53:00,17-57-小田原-快速,8.5,川崎/武蔵小杉
1804,横浜,2021-11-30 19:04:00,2021-11-30 19:04:00,17-57-小田原-快速,9.0,横浜
3056,横浜,2021-11-30 19:05:00,2021-11-30 19:05:00,17-57-小田原-快速,9.5,横浜
1805,戸塚,2021-11-30 19:15:00,2021-11-30 19:15:00,17-57-小田原-快速,10.0,戸塚
1806,大船,2021-11-30 19:20:00,2021-11-30 19:20:00,17-57-小田原-快速,11.0,大船
3057,大船,2021-11-30 19:21:00,2021-11-30 19:21:00,17-57-小田原-快速,11.5,大船
1807,藤沢,2021-11-30 19:25:00,2021-11-30 19:25:00,17-57-小田原-快速,12.0,藤沢
3058,藤沢,2021-11-30 19:26:00,2021-11-30 19:26:00,17-57-小田原-快速,12.5,藤沢
1808,辻堂,2021-11-30 19:30:00,2021-11-30 19:30:00,17-57-小田原-快速,13.0,辻堂
1809,茅ケ崎,2021-11-30 19:34:00,2021-11-30 19:34:00,17-57-小田原-快速,14.0,茅ケ崎
1810,平塚,2021-11-30 19:39:00,2021-11-30 19:39:00,17-57-小田原-快速,15.0,平塚
3059,平塚,2021-11-30 19:40:00,2021-11-30 19:40:00,17-57-小田原-快速,15.5,平塚
1811,大磯,2021-11-30 19:43:00,2021-11-30 19:43:00,17-57-小田原-快速,16.0,大磯
1812,二宮,2021-11-30 19:48:00,2021-11-30 19:48:00,17-57-小田原-快速,17.0,二宮
1813,国府津,2021-11-30 19:52:00,2021-11-30 19:52:00,17-57-小田原-快速,18.0,国府津
3060,国府津,2021-11-30 19:53:00,2021-11-30 19:53:00,17-57-小田原-快速,18.5,国府津
1814,鴨宮,2021-11-30 19:57:00,2021-11-30 19:57:00,17-57-小田原-快速,19.0,鴨宮
1815,小田原,2021-11-30 20:01:00,,17-57-小田原-快速,20.0,小田原
488,大宮(埼玉),2021-11-30 18:32:00,2021-11-30 18:32:00,18-33-国府津-快速,0.0,大宮(埼玉)
489,浦和,2021-11-30 18:40:00,2021-11-30 18:40:00,18-33-国府津-快速,1.0,浦和
490,赤羽,2021-11-30 18:48:00,2021-11-30 18:48:00,18-33-国府津-快速,2.0,赤羽
491,池袋,2021-11-30 19:00:00,2021-11-30 19:00:00,18-33-国府津-快速,3.0,尾久/池袋
2340,池袋,2021-11-30 19:02:00,2021-11-30 19:02:00,18-33-国府津-快速,3.5,尾久/池袋
492,新宿,2021-11-30 19:07:00,2021-11-30 19:07:00,18-33-国府津-快速,4.0,上野/新宿
2341,新宿,2021-11-30 19:08:00,2021-11-30 19:08:00,18-33-国府津-快速,4.5,上野/新宿
493,渋谷,2021-11-30 19:12:00,2021-11-30 19:12:00,18-33-国府津-快速,5.0,東京/渋谷
2342,渋谷,2021-11-30 19:13:00,2021-11-30 19:13:00,18-33-国府津-快速,5.5,東京/渋谷
494,恵比寿,2021-11-30 19:15:00,2021-11-30 19:15:00,18-33-国府津-快速,6.0,新橋/恵比寿
495,大崎,2021-11-30 19:19:00,2021-11-30 19:19:00,18-33-国府津-快速,7.0,品川/大崎
2343,大崎,2021-11-30 19:20:00,2021-11-30 19:20:00,18-33-国府津-快速,7.5,品川/大崎
496,武蔵小杉,2021-11-30 19:27:00,2021-11-30 19:27:00,18-33-国府津-快速,8.0,川崎/武蔵小杉
2344,武蔵小杉,2021-11-30 19:28:00,2021-11-30 19:28:00,18-33-国府津-快速,8.5,川崎/武蔵小杉
497,横浜,2021-11-30 19:38:00,2021-11-30 19:38:00,18-33-国府津-快速,9.0,横浜
2345,横浜,2021-11-30 19:39:00,2021-11-30 19:39:00,18-33-国府津-快速,9.5,横浜
498,戸塚,2021-11-30 19:50:00,2021-11-30 19:50:00,18-33-国府津-快速,10.0,戸塚
499,大船,2021-11-30 19:55:00,2021-11-30 19:55:00,18-33-国府津-快速,11.0,大船
2346,大船,2021-11-30 19:56:00,2021-11-30 19:56:00,18-33-国府津-快速,11.5,大船
500,藤沢,2021-11-30 20:01:00,2021-11-30 20:01:00,18-33-国府津-快速,12.0,藤沢
501,辻堂,2021-11-30 20:04:00,2021-11-30 20:04:00,18-33-国府津-快速,13.0,辻堂
2347,辻堂,2021-11-30 20:05:00,2021-11-30 20:05:00,18-33-国府津-快速,13.5,辻堂
502,茅ケ崎,2021-11-30 20:08:00,2021-11-30 20:08:00,18-33-国府津-快速,14.0,茅ケ崎
2348,茅ケ崎,2021-11-30 20:09:00,2021-11-30 20:09:00,18-33-国府津-快速,14.5,茅ケ崎
503,平塚,2021-11-30 20:13:00,2021-11-30 20:13:00,18-33-国府津-快速,15.0,平塚
2349,平塚,2021-11-30 20:15:00,2021-11-30 20:15:00,18-33-国府津-快速,15.5,平塚
504,大磯,2021-11-30 20:18:00,2021-11-30 20:18:00,18-33-国府津-快速,16.0,大磯
2350,大磯,2021-11-30 20:19:00,2021-11-30 20:19:00,18-33-国府津-快速,16.5,大磯
505,二宮,2021-11-30 20:23:00,2021-11-30 20:23:00,18-33-国府津-快速,17.0,二宮
2351,二宮,2021-11-30 20:24:00,2021-11-30 20:24:00,18-33-国府津-快速,17.5,二宮
506,国府津,2021-11-30 20:28:00,,18-33-国府津-快速,18.0,国府津
2053,大宮(埼玉),2021-11-30 19:11:00,2021-11-30 19:11:00,19-12-平塚-快速,0.0,大宮(埼玉)
2054,浦和,2021-11-30 19:18:00,2021-11-30 19:18:00,19-12-平塚-快速,1.0,浦和
2055,赤羽,2021-11-30 19:26:00,2021-11-30 19:26:00,19-12-平塚-快速,2.0,赤羽
3190,赤羽,2021-11-30 19:27:00,2021-11-30 19:27:00,19-12-平塚-快速,2.5,赤羽
2056,池袋,2021-11-30 19:37:00,2021-11-30 19:37:00,19-12-平塚-快速,3.0,尾久/池袋
3191,池袋,2021-11-30 19:38:00,2021-11-30 19:38:00,19-12-平塚-快速,3.5,尾久/池袋
2057,新宿,2021-11-30 19:44:00,2021-11-30 19:44:00,19-12-平塚-快速,4.0,上野/新宿
3192,新宿,2021-11-30 19:45:00,2021-11-30 19:45:00,19-12-平塚-快速,4.5,上野/新宿
2058,渋谷,2021-11-30 19:49:00,2021-11-30 19:49:00,19-12-平塚-快速,5.0,東京/渋谷
3193,渋谷,2021-11-30 19:50:00,2021-11-30 19:50:00,19-12-平塚-快速,5.5,東京/渋谷
2059,恵比寿,2021-11-30 19:52:00,2021-11-30 19:52:00,19-12-平塚-快速,6.0,新橋/恵比寿
2060,大崎,2021-11-30 19:56:00,2021-11-30 19:56:00,19-12-平塚-快速,7.0,品川/大崎
3194,大崎,2021-11-30 19:57:00,2021-11-30 19:57:00,19-12-平塚-快速,7.5,品川/大崎
2061,武蔵小杉,2021-11-30 20:04:00,2021-11-30 20:04:00,19-12-平塚-快速,8.0,川崎/武蔵小杉
3195,武蔵小杉,2021-11-30 20:05:00,2021-11-30 20:05:00,19-12-平塚-快速,8.5,川崎/武蔵小杉
2062,横浜,2021-11-30 20:15:00,2021-11-30 20:15:00,19-12-平塚-快速,9.0,横浜
3196,横浜,2021-11-30 20:16:00,2021-11-30 20:16:00,19-12-平塚-快速,9.5,横浜
2063,戸塚,2021-11-30 20:28:00,2021-11-30 20:28:00,19-12-平塚-快速,10.0,戸塚
2064,大船,2021-11-30 20:33:00,2021-11-30 20:33:00,19-12-平塚-快速,11.0,大船
3197,大船,2021-11-30 20:39:00,2021-11-30 20:39:00,19-12-平塚-快速,11.5,大船
2065,藤沢,2021-11-30 20:44:00,2021-11-30 20:44:00,19-12-平塚-快速,12.0,藤沢
2066,辻堂,2021-11-30 20:48:00,2021-11-30 20:48:00,19-12-平塚-快速,13.0,辻堂
2067,茅ケ崎,2021-11-30 20:52:00,2021-11-30 20:52:00,19-12-平塚-快速,14.0,茅ケ崎
2068,平塚,2021-11-30 20:57:00,,19-12-平塚-快速,15.0,平塚
0,大宮(埼玉),2021-11-30 19:34:00,2021-11-30 19:34:00,19-35-国府津-快速,0.0,大宮(埼玉)
1,浦和,2021-11-30 19:41:00,2021-11-30 19:41:00,19-35-国府津-快速,1.0,浦和
2,赤羽,2021-11-30 19:49:00,2021-11-30 19:49:00,19-35-国府津-快速,2.0,赤羽
2069,赤羽,2021-11-30 19:50:00,2021-11-30 19:50:00,19-35-国府津-快速,2.5,赤羽
3,池袋,2021-11-30 20:00:00,2021-11-30 20:00:00,19-35-国府津-快速,3.0,尾久/池袋
2070,池袋,2021-11-30 20:02:00,2021-11-30 20:02:00,19-35-国府津-快速,3.5,尾久/池袋
4,新宿,2021-11-30 20:07:00,2021-11-30 20:07:00,19-35-国府津-快速,4.0,上野/新宿
2071,新宿,2021-11-30 20:08:00,2021-11-30 20:08:00,19-35-国府津-快速,4.5,上野/新宿
5,渋谷,2021-11-30 20:12:00,2021-11-30 20:12:00,19-35-国府津-快速,5.0,東京/渋谷
2072,渋谷,2021-11-30 20:13:00,2021-11-30 20:13:00,19-35-国府津-快速,5.5,東京/渋谷
6,恵比寿,2021-11-30 20:15:00,2021-11-30 20:15:00,19-35-国府津-快速,6.0,新橋/恵比寿
7,大崎,2021-11-30 20:19:00,2021-11-30 20:19:00,19-35-国府津-快速,7.0,品川/大崎
2073,大崎,2021-11-30 20:20:00,2021-11-30 20:20:00,19-35-国府津-快速,7.5,品川/大崎
8,武蔵小杉,2021-11-30 20:27:00,2021-11-30 20:27:00,19-35-国府津-快速,8.0,川崎/武蔵小杉
2074,武蔵小杉,2021-11-30 20:28:00,2021-11-30 20:28:00,19-35-国府津-快速,8.5,川崎/武蔵小杉
9,横浜,2021-11-30 20:40:00,2021-11-30 20:40:00,19-35-国府津-快速,9.0,横浜
2075,横浜,2021-11-30 20:42:00,2021-11-30 20:42:00,19-35-国府津-快速,9.5,横浜
10,戸塚,2021-11-30 20:53:00,2021-11-30 20:53:00,19-35-国府津-快速,10.0,戸塚
2076,戸塚,2021-11-30 20:54:00,2021-11-30 20:54:00,19-35-国府津-快速,10.5,戸塚
11,大船,2021-11-30 21:00:00,2021-11-30 21:00:00,19-35-国府津-快速,11.0,大船
12,藤沢,2021-11-30 21:04:00,2021-11-30 21:04:00,19-35-国府津-快速,12.0,藤沢
2077,藤沢,2021-11-30 21:05:00,2021-11-30 21:05:00,19-35-国府津-快速,12.5,藤沢
13,辻堂,2021-11-30 21:08:00,2021-11-30 21:08:00,19-35-国府津-快速,13.0,辻堂
2078,辻堂,2021-11-30 21:09:00,2021-11-30 21:09:00,19-35-国府津-快速,13.5,辻堂
14,茅ケ崎,2021-11-30 21:12:00,2021-11-30 21:12:00,19-35-国府津-快速,14.0,茅ケ崎
2079,茅ケ崎,2021-11-30 21:13:00,2021-11-30 21:13:00,19-35-国府津-快速,14.5,茅ケ崎
15,平塚,2021-11-30 21:17:00,2021-11-30 21:17:00,19-35-国府津-快速,15.0,平塚
2080,平塚,2021-11-30 21:18:00,2021-11-30 21:18:00,19-35-国府津-快速,15.5,平塚
16,大磯,2021-11-30 21:21:00,2021-11-30 21:21:00,19-35-国府津-快速,16.0,大磯
2081,大磯,2021-11-30 21:22:00,2021-11-30 21:22:00,19-35-国府津-快速,16.5,大磯
17,二宮,2021-11-30 21:26:00,2021-11-30 21:26:00,19-35-国府津-快速,17.0,二宮
2082,二宮,2021-11-30 21:27:00,2021-11-30 21:27:00,19-35-国府津-快速,17.5,二宮
18,国府津,2021-11-30 21:31:00,,19-35-国府津-快速,18.0,国府津
1689,大宮(埼玉),2021-11-30 20:02:00,2021-11-30 20:02:00,20-03-国府津-快速,0.0,大宮(埼玉)
1690,浦和,2021-11-30 20:08:00,2021-11-30 20:08:00,20-03-国府津-快速,1.0,浦和
1691,赤羽,2021-11-30 20:16:00,2021-11-30 20:16:00,20-03-国府津-快速,2.0,赤羽
1692,池袋,2021-11-30 20:27:00,2021-11-30 20:27:00,20-03-国府津-快速,3.0,尾久/池袋
2990,池袋,2021-11-30 20:28:00,2021-11-30 20:28:00,20-03-国府津-快速,3.5,尾久/池袋
1693,新宿,2021-11-30 20:33:00,2021-11-30 20:33:00,20-03-国府津-快速,4.0,上野/新宿
2991,新宿,2021-11-30 20:34:00,2021-11-30 20:34:00,20-03-国府津-快速,4.5,上野/新宿
1694,渋谷,2021-11-30 20:38:00,2021-11-30 20:38:00,20-03-国府津-快速,5.0,東京/渋谷
2992,渋谷,2021-11-30 20:39:00,2021-11-30 20:39:00,20-03-国府津-快速,5.5,東京/渋谷
1695,恵比寿,2021-11-30 20:41:00,2021-11-30 20:41:00,20-03-国府津-快速,6.0,新橋/恵比寿
1696,大崎,2021-11-30 20:45:00,2021-11-30 20:45:00,20-03-国府津-快速,7.0,品川/大崎
2993,大崎,2021-11-30 20:46:00,2021-11-30 20:46:00,20-03-国府津-快速,7.5,品川/大崎
1697,武蔵小杉,2021-11-30 20:53:00,2021-11-30 20:53:00,20-03-国府津-快速,8.0,川崎/武蔵小杉
2994,武蔵小杉,2021-11-30 20:54:00,2021-11-30 20:54:00,20-03-国府津-快速,8.5,川崎/武蔵小杉
1698,横浜,2021-11-30 21:04:00,2021-11-30 21:04:00,20-03-国府津-快速,9.0,横浜
2995,横浜,2021-11-30 21:05:00,2021-11-30 21:05:00,20-03-国府津-快速,9.5,横浜
1699,戸塚,2021-11-30 21:14:00,2021-11-30 21:14:00,20-03-国府津-快速,10.0,戸塚
2996,戸塚,2021-11-30 21:15:00,2021-11-30 21:15:00,20-03-国府津-快速,10.5,戸塚
1700,大船,2021-11-30 21:20:00,2021-11-30 21:20:00,20-03-国府津-快速,11.0,大船
2997,大船,2021-11-30 21:21:00,2021-11-30 21:21:00,20-03-国府津-快速,11.5,大船
1701,藤沢,2021-11-30 21:25:00,2021-11-30 21:25:00,20-03-国府津-快速,12.0,藤沢
2998,藤沢,2021-11-30 21:26:00,2021-11-30 21:26:00,20-03-国府津-快速,12.5,藤沢
1702,辻堂,2021-11-30 21:29:00,2021-11-30 21:29:00,20-03-国府津-快速,13.0,辻堂
2999,辻堂,2021-11-30 21:30:00,2021-11-30 21:30:00,20-03-国府津-快速,13.5,辻堂
1703,茅ケ崎,2021-11-30 21:33:00,2021-11-30 21:33:00,20-03-国府津-快速,14.0,茅ケ崎
3000,茅ケ崎,2021-11-30 21:34:00,2021-11-30 21:34:00,20-03-国府津-快速,14.5,茅ケ崎
1704,平塚,2021-11-30 21:38:00,2021-11-30 21:38:00,20-03-国府津-快速,15.0,平塚
3001,平塚,2021-11-30 21:39:00,2021-11-30 21:39:00,20-03-国府津-快速,15.5,平塚
1705,大磯,2021-11-30 21:42:00,2021-11-30 21:42:00,20-03-国府津-快速,16.0,大磯
3002,大磯,2021-11-30 21:43:00,2021-11-30 21:43:00,20-03-国府津-快速,16.5,大磯
1706,二宮,2021-11-30 21:47:00,2021-11-30 21:47:00,20-03-国府津-快速,17.0,二宮
1707,国府津,2021-11-30 21:52:00,,20-03-国府津-快速,18.0,国府津
1915,大宮(埼玉),2021-11-30 20:35:00,2021-11-30 20:35:00,20-36-小田原-快速,0.0,大宮(埼玉)
1916,浦和,2021-11-30 20:41:00,2021-11-30 20:41:00,20-36-小田原-快速,1.0,浦和
3116,浦和,2021-11-30 20:42:00,2021-11-30 20:42:00,20-36-小田原-快速,1.5,浦和
1917,赤羽,2021-11-30 20:50:00,2021-11-30 20:50:00,20-36-小田原-快速,2.0,赤羽
1918,池袋,2021-11-30 21:01:00,2021-11-30 21:01:00,20-36-小田原-快速,3.0,尾久/池袋
3117,池袋,2021-11-30 21:02:00,2021-11-30 21:02:00,20-36-小田原-快速,3.5,尾久/池袋
1919,新宿,2021-11-30 21:07:00,2021-11-30 21:07:00,20-36-小田原-快速,4.0,上野/新宿
3118,新宿,2021-11-30 21:08:00,2021-11-30 21:08:00,20-36-小田原-快速,4.5,上野/新宿
1920,渋谷,2021-11-30 21:13:00,2021-11-30 21:13:00,20-36-小田原-快速,5.0,東京/渋谷
1921,恵比寿,2021-11-30 21:15:00,2021-11-30 21:15:00,20-36-小田原-快速,6.0,新橋/恵比寿
3119,恵比寿,2021-11-30 21:16:00,2021-11-30 21:16:00,20-36-小田原-快速,6.5,新橋/恵比寿
1922,大崎,2021-11-30 21:20:00,2021-11-30 21:20:00,20-36-小田原-快速,7.0,品川/大崎
1923,武蔵小杉,2021-11-30 21:28:00,2021-11-30 21:28:00,20-36-小田原-快速,8.0,川崎/武蔵小杉
1924,横浜,2021-11-30 21:38:00,2021-11-30 21:38:00,20-36-小田原-快速,9.0,横浜
3120,横浜,2021-11-30 21:39:00,2021-11-30 21:39:00,20-36-小田原-快速,9.5,横浜
1925,戸塚,2021-11-30 21:49:00,2021-11-30 21:49:00,20-36-小田原-快速,10.0,戸塚
1926,大船,2021-11-30 21:54:00,2021-11-30 21:54:00,20-36-小田原-快速,11.0,大船
3121,大船,2021-11-30 21:55:00,2021-11-30 21:55:00,20-36-小田原-快速,11.5,大船
1927,藤沢,2021-11-30 21:59:00,2021-11-30 21:59:00,20-36-小田原-快速,12.0,藤沢
3122,藤沢,2021-11-30 22:00:00,2021-11-30 22:00:00,20-36-小田原-快速,12.5,藤沢
1928,辻堂,2021-11-30 22:04:00,2021-11-30 22:04:00,20-36-小田原-快速,13.0,辻堂
1929,茅ケ崎,2021-11-30 22:08:00,2021-11-30 22:08:00,20-36-小田原-快速,14.0,茅ケ崎
3123,茅ケ崎,2021-11-30 22:09:00,2021-11-30 22:09:00,20-36-小田原-快速,14.5,茅ケ崎
1930,平塚,2021-11-30 22:14:00,2021-11-30 22:14:00,20-36-小田原-快速,15.0,平塚
1931,大磯,2021-11-30 22:17:00,2021-11-30 22:17:00,20-36-小田原-快速,16.0,大磯
3124,大磯,2021-11-30 22:18:00,2021-11-30 22:18:00,20-36-小田原-快速,16.5,大磯
1932,二宮,2021-11-30 22:22:00,2021-11-30 22:22:00,20-36-小田原-快速,17.0,二宮
3125,二宮,2021-11-30 22:23:00,2021-11-30 22:23:00,20-36-小田原-快速,17.5,二宮
1933,国府津,2021-11-30 22:27:00,2021-11-30 22:27:00,20-36-小田原-快速,18.0,国府津
3126,国府津,2021-11-30 22:28:00,2021-11-30 22:28:00,20-36-小田原-快速,18.5,国府津
1934,鴨宮,2021-11-30 22:31:00,2021-11-30 22:31:00,20-36-小田原-快速,19.0,鴨宮
3127,鴨宮,2021-11-30 22:32:00,2021-11-30 22:32:00,20-36-小田原-快速,19.5,鴨宮
1935,小田原,2021-11-30 22:35:00,,20-36-小田原-快速,20.0,小田原
123,大宮(埼玉),2021-11-30 21:23:00,2021-11-30 21:23:00,21-24-小田原-快速,0.0,大宮(埼玉)
124,浦和,2021-11-30 21:31:00,2021-11-30 21:31:00,21-24-小田原-快速,1.0,浦和
125,赤羽,2021-11-30 21:41:00,2021-11-30 21:41:00,21-24-小田原-快速,2.0,赤羽
126,池袋,2021-11-30 21:52:00,2021-11-30 21:52:00,21-24-小田原-快速,3.0,尾久/池袋
2139,池袋,2021-11-30 21:53:00,2021-11-30 21:53:00,21-24-小田原-快速,3.5,尾久/池袋
127,新宿,2021-11-30 21:58:00,2021-11-30 21:58:00,21-24-小田原-快速,4.0,上野/新宿
2140,新宿,2021-11-30 22:00:00,2021-11-30 22:00:00,21-24-小田原-快速,4.5,上野/新宿
128,渋谷,2021-11-30 22:04:00,2021-11-30 22:04:00,21-24-小田原-快速,5.0,東京/渋谷
2141,渋谷,2021-11-30 22:05:00,2021-11-30 22:05:00,21-24-小田原-快速,5.5,東京/渋谷
129,恵比寿,2021-11-30 22:07:00,2021-11-30 22:07:00,21-24-小田原-快速,6.0,新橋/恵比寿
130,大崎,2021-11-30 22:11:00,2021-11-30 22:11:00,21-24-小田原-快速,7.0,品川/大崎
2142,大崎,2021-11-30 22:12:00,2021-11-30 22:12:00,21-24-小田原-快速,7.5,品川/大崎
131,武蔵小杉,2021-11-30 22:19:00,2021-11-30 22:19:00,21-24-小田原-快速,8.0,川崎/武蔵小杉
2143,武蔵小杉,2021-11-30 22:20:00,2021-11-30 22:20:00,21-24-小田原-快速,8.5,川崎/武蔵小杉
132,横浜,2021-11-30 22:31:00,2021-11-30 22:31:00,21-24-小田原-快速,9.0,横浜
2144,横浜,2021-11-30 22:32:00,2021-11-30 22:32:00,21-24-小田原-快速,9.5,横浜
133,戸塚,2021-11-30 22:43:00,2021-11-30 22:43:00,21-24-小田原-快速,10.0,戸塚
2145,戸塚,2021-11-30 22:44:00,2021-11-30 22:44:00,21-24-小田原-快速,10.5,戸塚
134,大船,2021-11-30 22:49:00,2021-11-30 22:49:00,21-24-小田原-快速,11.0,大船
2146,大船,2021-11-30 22:50:00,2021-11-30 22:50:00,21-24-小田原-快速,11.5,大船
135,藤沢,2021-11-30 22:54:00,2021-11-30 22:54:00,21-24-小田原-快速,12.0,藤沢
2147,藤沢,2021-11-30 22:55:00,2021-11-30 22:55:00,21-24-小田原-快速,12.5,藤沢
136,辻堂,2021-11-30 22:58:00,2021-11-30 22:58:00,21-24-小田原-快速,13.0,辻堂
2148,辻堂,2021-11-30 22:59:00,2021-11-30 22:59:00,21-24-小田原-快速,13.5,辻堂
137,茅ケ崎,2021-11-30 23:02:00,2021-11-30 23:02:00,21-24-小田原-快速,14.0,茅ケ崎
2149,茅ケ崎,2021-11-30 23:03:00,2021-11-30 23:03:00,21-24-小田原-快速,14.5,茅ケ崎
138,平塚,2021-11-30 23:07:00,2021-11-30 23:07:00,21-24-小田原-快速,15.0,平塚
2150,平塚,2021-11-30 23:08:00,2021-11-30 23:08:00,21-24-小田原-快速,15.5,平塚
139,大磯,2021-11-30 23:11:00,2021-11-30 23:11:00,21-24-小田原-快速,16.0,大磯
2151,大磯,2021-11-30 23:12:00,2021-11-30 23:12:00,21-24-小田原-快速,16.5,大磯
140,二宮,2021-11-30 23:16:00,2021-11-30 23:16:00,21-24-小田原-快速,17.0,二宮
141,国府津,2021-11-30 23:20:00,2021-11-30 23:20:00,21-24-小田原-快速,18.0,国府津
142,鴨宮,2021-11-30 23:23:00,2021-11-30 23:23:00,21-24-小田原-快速,19.0,鴨宮
2152,鴨宮,2021-11-30 23:24:00,2021-11-30 23:24:00,21-24-小田原-快速,19.5,鴨宮
143,小田原,2021-11-30 23:27:00,,21-24-小田原-快速,20.0,小田原
998,大宮(埼玉),2021-11-30 22:10:00,2021-11-30 22:10:00,22-11-小田原-快速,0.0,大宮(埼玉)
999,浦和,2021-11-30 22:16:00,2021-11-30 22:16:00,22-11-小田原-快速,1.0,浦和
2620,浦和,2021-11-30 22:17:00,2021-11-30 22:17:00,22-11-小田原-快速,1.5,浦和
1000,赤羽,2021-11-30 22:25:00,2021-11-30 22:25:00,22-11-小田原-快速,2.0,赤羽
1001,池袋,2021-11-30 22:35:00,2021-11-30 22:35:00,22-11-小田原-快速,3.0,尾久/池袋
2621,池袋,2021-11-30 22:36:00,2021-11-30 22:36:00,22-11-小田原-快速,3.5,尾久/池袋
1002,新宿,2021-11-30 22:41:00,2021-11-30 22:41:00,22-11-小田原-快速,4.0,上野/新宿
2622,新宿,2021-11-30 22:42:00,2021-11-30 22:42:00,22-11-小田原-快速,4.5,上野/新宿
1003,渋谷,2021-11-30 22:46:00,2021-11-30 22:46:00,22-11-小田原-快速,5.0,東京/渋谷
2623,渋谷,2021-11-30 22:47:00,2021-11-30 22:47:00,22-11-小田原-快速,5.5,東京/渋谷
1004,恵比寿,2021-11-30 22:49:00,2021-11-30 22:49:00,22-11-小田原-快速,6.0,新橋/恵比寿
1005,大崎,2021-11-30 22:53:00,2021-11-30 22:53:00,22-11-小田原-快速,7.0,品川/大崎
2624,大崎,2021-11-30 22:56:00,2021-11-30 22:56:00,22-11-小田原-快速,7.5,品川/大崎
1006,武蔵小杉,2021-11-30 23:03:00,2021-11-30 23:03:00,22-11-小田原-快速,8.0,川崎/武蔵小杉
2625,武蔵小杉,2021-11-30 23:04:00,2021-11-30 23:04:00,22-11-小田原-快速,8.5,川崎/武蔵小杉
1007,横浜,2021-11-30 23:14:00,2021-11-30 23:14:00,22-11-小田原-快速,9.0,横浜
2626,横浜,2021-11-30 23:15:00,2021-11-30 23:15:00,22-11-小田原-快速,9.5,横浜
1008,戸塚,2021-11-30 23:25:00,2021-11-30 23:25:00,22-11-小田原-快速,10.0,戸塚
1009,大船,2021-11-30 23:30:00,2021-11-30 23:30:00,22-11-小田原-快速,11.0,大船
2627,大船,2021-11-30 23:31:00,2021-11-30 23:31:00,22-11-小田原-快速,11.5,大船
1010,藤沢,2021-11-30 23:35:00,2021-11-30 23:35:00,22-11-小田原-快速,12.0,藤沢
2628,藤沢,2021-11-30 23:36:00,2021-11-30 23:36:00,22-11-小田原-快速,12.5,藤沢
1011,辻堂,2021-11-30 23:39:00,2021-11-30 23:39:00,22-11-小田原-快速,13.0,辻堂
2629,辻堂,2021-11-30 23:40:00,2021-11-30 23:40:00,22-11-小田原-快速,13.5,辻堂
1012,茅ケ崎,2021-11-30 23:43:00,2021-11-30 23:43:00,22-11-小田原-快速,14.0,茅ケ崎
2630,茅ケ崎,2021-11-30 23:44:00,2021-11-30 23:44:00,22-11-小田原-快速,14.5,茅ケ崎
1013,平塚,2021-11-30 23:48:00,2021-11-30 23:48:00,22-11-小田原-快速,15.0,平塚
1014,大磯,2021-11-30 23:51:00,2021-11-30 23:51:00,22-11-小田原-快速,16.0,大磯
2631,大磯,2021-11-30 23:52:00,2021-11-30 23:52:00,22-11-小田原-快速,16.5,大磯
1015,二宮,2021-11-30 23:56:00,2021-11-30 23:56:00,22-11-小田原-快速,17.0,二宮
1016,国府津,2021-12-01 00:00:00,2021-12-01 00:00:00,22-11-小田原-快速,18.0,国府津
2632,国府津,2021-12-01 00:01:00,2021-12-01 00:01:00,22-11-小田原-快速,18.5,国府津
1017,鴨宮,2021-12-01 00:04:00,2021-12-01 00:04:00,22-11-小田原-快速,19.0,鴨宮
2633,鴨宮,2021-12-01 00:05:00,2021-12-01 00:05:00,22-11-小田原-快速,19.5,鴨宮
1018,小田原,2021-12-01 00:08:00,,22-11-小田原-快速,20.0,小田原
1670,大宮(埼玉),2021-11-30 22:24:00,2021-11-30 22:24:00,22-26-国府津-快速,0.0,大宮(埼玉)
1671,浦和,2021-11-30 22:31:00,2021-11-30 22:31:00,22-26-国府津-快速,1.0,浦和
2979,浦和,2021-11-30 22:32:00,2021-11-30 22:32:00,22-26-国府津-快速,1.5,浦和
1672,赤羽,2021-11-30 22:39:00,2021-11-30 22:39:00,22-26-国府津-快速,2.0,赤羽
2980,赤羽,2021-11-30 22:40:00,2021-11-30 22:40:00,22-26-国府津-快速,2.5,赤羽
1673,池袋,2021-11-30 22:51:00,2021-11-30 22:51:00,22-26-国府津-快速,3.0,尾久/池袋
2981,池袋,2021-11-30 22:52:00,2021-11-30 22:52:00,22-26-国府津-快速,3.5,尾久/池袋
1674,新宿,2021-11-30 22:57:00,2021-11-30 22:57:00,22-26-国府津-快速,4.0,上野/新宿
2982,新宿,2021-11-30 22:58:00,2021-11-30 22:58:00,22-26-国府津-快速,4.5,上野/新宿
1675,渋谷,2021-11-30 23:02:00,2021-11-30 23:02:00,22-26-国府津-快速,5.0,東京/渋谷
2983,渋谷,2021-11-30 23:03:00,2021-11-30 23:03:00,22-26-国府津-快速,5.5,東京/渋谷
1676,恵比寿,2021-11-30 23:05:00,2021-11-30 23:05:00,22-26-国府津-快速,6.0,新橋/恵比寿
2984,恵比寿,2021-11-30 23:06:00,2021-11-30 23:06:00,22-26-国府津-快速,6.5,新橋/恵比寿
1677,大崎,2021-11-30 23:09:00,2021-11-30 23:09:00,22-26-国府津-快速,7.0,品川/大崎
2985,大崎,2021-11-30 23:10:00,2021-11-30 23:10:00,22-26-国府津-快速,7.5,品川/大崎
1678,武蔵小杉,2021-11-30 23:18:00,2021-11-30 23:18:00,22-26-国府津-快速,8.0,川崎/武蔵小杉
1679,横浜,2021-11-30 23:29:00,2021-11-30 23:29:00,22-26-国府津-快速,9.0,横浜
2986,横浜,2021-11-30 23:31:00,2021-11-30 23:31:00,22-26-国府津-快速,9.5,横浜
1680,戸塚,2021-11-30 23:42:00,2021-11-30 23:42:00,22-26-国府津-快速,10.0,戸塚
2987,戸塚,2021-11-30 23:43:00,2021-11-30 23:43:00,22-26-国府津-快速,10.5,戸塚
1681,大船,2021-11-30 23:48:00,2021-11-30 23:48:00,22-26-国府津-快速,11.0,大船
2988,大船,2021-11-30 23:49:00,2021-11-30 23:49:00,22-26-国府津-快速,11.5,大船
1682,藤沢,2021-11-30 23:53:00,2021-11-30 23:53:00,22-26-国府津-快速,12.0,藤沢
1683,辻堂,2021-11-30 23:57:00,2021-11-30 23:57:00,22-26-国府津-快速,13.0,辻堂
1684,茅ケ崎,2021-12-01 00:01:00,2021-12-01 00:01:00,22-26-国府津-快速,14.0,茅ケ崎
1685,平塚,2021-12-01 00:06:00,2021-12-01 00:06:00,22-26-国府津-快速,15.0,平塚
1686,大磯,2021-12-01 00:10:00,2021-12-01 00:10:00,22-26-国府津-快速,16.0,大磯
1687,二宮,2021-12-01 00:14:00,2021-12-01 00:14:00,22-26-国府津-快速,17.0,二宮
2989,二宮,2021-12-01 00:15:00,2021-12-01 00:15:00,22-26-国府津-快速,17.5,二宮
1688,国府津,2021-12-01 00:20:00,,22-26-国府津-快速,18.0,国府津
